ca65 V2.19 - Git 5cb1bc6
Main file   : itc.txt
Current file: itc.txt

000000r 1               ;==============================================================================
000000r 1               ; 65816 ANS Forth Kernel (ITC)
000000r 1               ; Set up to run on WDC w65c265sxb board.
000000r 1               ; Based on http://forum.6502.org/viewtopic.php?f=9&t=8577
000000r 1               ;
000000r 1               ; Architecture:
000000r 1               ;	Threading:	Indirect Threaded Code (ITC)
000000r 1               ;	Cell size:	16-bit
000000r 1               ;
000000r 1               ; Default register conventions:
000000r 1               ;	A  (16-bit) Working register / scratch
000000r 1               ;	X  (16-bit) Parameter Stack Pointer (PSP) - points to TOS in direct page
000000r 1               ;	Y  (16-bit) Instruction Pointer (IP)	  - points to next CFA
000000r 1               ;	S  (16-bit) Return Stack Pointer (RSP)	  - hardware stack
000000r 1               ;	D		Direct Page base (UP)	  points to user area
000000r 1               ;	DB		Data Bank ($00)
000000r 1               ;	Native mode, A=16-bit, X=16-bit, Y=16-bit
000000r 1               ;
000000r 1               ; ITC execution model:
000000r 1               ;	Each word's Code Field contains a pointer to the interpreter extension machine code.
000000r 1               
000000r 1               
000000r 1               
000000r 1               	.p816			;select 65816 CPU
000000r 1               	.list on
000000r 1               	.listbytes unlimited ;include all object bytes in listing (since we load the listing file)
000000r 1               	.feature loose_string_term ; used to put quotes in strings
000000r 1               	.feature org_per_seg
000000r 1               	.smart		;watch the code to determine sizes
000000r 1               
000000r 1               ; Memory segment layout
000000r 1                 .bss	; uninitialized read-write
000000r 1               	.org $300	; in 65c265sxb onboard RAM, away from Mensch monitor stuff in lo RAM
000300  1                 .code ; initialized, read-only
000000r 1               	.org $6000	; in 65c265sxb onboard RAM
006000  1               
006000  1               
006000  1               ; CPU P flag bits:
006000  1               P_I	= $04	; interrupt disable
006000  1               P_D	= $08	; decimal
006000  1               P_X	= $10	; X size
006000  1               P_M	= $20	; M size
006000  1               
006000  1               ;==============================================================================
006000  1               ; ca65 Macros
006000  1               
006000  1                 .macro NEXT ; Inner interpreter dispatch
006000  1               	jmp Next1
006000  1               	.endmacro
006000  1               
006000  1               
006000  1                 .macro PUSH ; Push value in A onto parameter stack
006000  1               	DEX
006000  1               	DEX
006000  1               	STA 0,X
006000  1               	.endmacro
006000  1               
006000  1               
006000  1                 .macro POP ; Pop top of parameter stack into A
006000  1               	LDA 0,X
006000  1               	INX
006000  1               	INX
006000  1               	.endmacro
006000  1               
006000  1               
006000  1               ; Word header flag & length byte bits:
006000  1               F_Immediate	= $80	; when compiling, execute this word
006000  1               F_Hidden	= $40	; smudged
006000  1               F_LengthMask	= $1F	; mask for name length bits
006000  1               
006000  1                .macro Header name, flags ; generate a dictionary entry header
006000  1               ;	name	- string literal for the name field
006000  1               ;	flags	- F_Immediate, F_Hidden, or 0
006000  1               
006000  1               	.local L1,L2
006000  1               ;	WordHeader_Extend	; user-supplied extension
006000  1               L1:	.byte name	;name of word as a string
006000  1               L2:	.byte L2-L1+flags ;flags & length of name (see F_*)
006000  1               	.addr DictLink ;link to previous word in dictionary chain
006000  1               ;		The fields above are at negative offsets from label.
006000  1               DictLink .set * ; remember the entry point of this word for later
006000  1               ;label:	; CFA & nt & xt is here.  This is the address that "Search-WordList" returns.
006000  1               	.endmacro
006000  1               
006000  1               DictLink .set 0 ;ptr to nt & xt of previous word, 0=end of list
006000  1               		; Used by Header to chain the generated word headers together.
006000  1               
006000  1               ;=============================================================================
006000  1                .zeropage ; Current direct page, aka User Area
000000r 1               ; ca65 will use direct page addressing for these automatically.
000000r 1               ; This is only a definition - it does not allocate any memory by itself - see UserFirst.
000000r 1               ; On the 65816 with it's moveable direct page, we'll just make the direct page the user area.
000000r 1               ; We don't put it at $000000 so we don't conflict with the '265 Mensch monitor stuff.
000000r 1               ; The current copy of these variables should be accessed using direct addressing.
000000r 1               ; Absolute addressing doesn't take the D register into account.
000000r 1               	.org 0 ; create offsets in user area segment
000000  1               
000000  1  xx xx        U_Base:		.res 2		; Numeric I/O base
000002  1  xx xx        U_State:	.res 2		; Compile state, 0=interp, else compile
000004  1  xx xx        U_DP:		.res 2		; Dictionary memory pointer
000006  1  xx xx        U_Latest:	.res 2		; ptr Latest word header
000008  1  xx xx        U_ParseBuf:	.res 2		; Source string buffer address
00000A  1  xx xx        U_ParseLen:	.res 2		; Source string length
00000C  1  xx xx        U_ToIn:		.res 2		; >IN  parse offset in U_ParseBuf
00000E  1  xx xx        U_HoldPtr:	.res 2		; current start of HOLD string
000010  1  xx xx xx xx  U_RandState:	.res 4		; random # state
000014  1               ;U_ExceptionHandler: .res 2	; Exception handler
000014  1  xx xx        IP:		.res 2		; Instruction Pointer
000016  1  xx xx xx xx  U_User:		.res 16		; user-defined user variable space
00001A  1  xx xx xx xx  
00001E  1  xx xx xx xx  
000022  1  xx xx xx xx  
000026  1               
000026  1               ; These are in the user area so they are simpler to use.
000026  1               ; It's OK to have these as per-user even though they don't need to be.
000026  1               
000026  1               ;-- Scratch variables, default is not preserved across subroutine calls
000026  1  xx xx        W:		.res 2		; (current CFA in Next1)
000028  1  xx xx        Temp0:		.res 2
00002A  1  xx xx        Temp2:		.res 2
00002C  1  xx xx        Temp4:		.res 2
00002E  1  xx xx        Temp6:		.res 2
000030  1               
000030  1  xx xx xx xx  ParmStack:	.res 64
000034  1  xx xx xx xx  
000038  1  xx xx xx xx  
00003C  1  xx xx xx xx  
000040  1  xx xx xx xx  
000044  1  xx xx xx xx  
000048  1  xx xx xx xx  
00004C  1  xx xx xx xx  
000050  1  xx xx xx xx  
000054  1  xx xx xx xx  
000058  1  xx xx xx xx  
00005C  1  xx xx xx xx  
000060  1  xx xx xx xx  
000064  1  xx xx xx xx  
000068  1  xx xx xx xx  
00006C  1  xx xx xx xx  
000070  1               PSP_INIT:		; Parameter stack initial pointer
000070  1               
000070  1               User_Size: ; size of fixed part of user area
000070  1               
000070  1               ;==============================================================================
000070  1                .bss
000300  1               
000300  1  xx xx        TempAbsA:	.res 2		; absolute scratch
000302  1               
000302  1               TIB_SIZE	= $fe
000302  1  xx xx xx xx  TIB_Base:	.res TIB_SIZE	; Terminal Input Buffer
000306  1  xx xx xx xx  
00030A  1  xx xx xx xx  
00030E  1  xx xx xx xx  
000312  1  xx xx xx xx  
000316  1  xx xx xx xx  
00031A  1  xx xx xx xx  
00031E  1  xx xx xx xx  
000322  1  xx xx xx xx  
000326  1  xx xx xx xx  
00032A  1  xx xx xx xx  
00032E  1  xx xx xx xx  
000332  1  xx xx xx xx  
000336  1  xx xx xx xx  
00033A  1  xx xx xx xx  
00033E  1  xx xx xx xx  
000342  1  xx xx xx xx  
000346  1  xx xx xx xx  
00034A  1  xx xx xx xx  
00034E  1  xx xx xx xx  
000352  1  xx xx xx xx  
000356  1  xx xx xx xx  
00035A  1  xx xx xx xx  
00035E  1  xx xx xx xx  
000362  1  xx xx xx xx  
000366  1  xx xx xx xx  
00036A  1  xx xx xx xx  
00036E  1  xx xx xx xx  
000372  1  xx xx xx xx  
000376  1  xx xx xx xx  
00037A  1  xx xx xx xx  
00037E  1  xx xx xx xx  
000382  1  xx xx xx xx  
000386  1  xx xx xx xx  
00038A  1  xx xx xx xx  
00038E  1  xx xx xx xx  
000392  1  xx xx xx xx  
000396  1  xx xx xx xx  
00039A  1  xx xx xx xx  
00039E  1  xx xx xx xx  
0003A2  1  xx xx xx xx  
0003A6  1  xx xx xx xx  
0003AA  1  xx xx xx xx  
0003AE  1  xx xx xx xx  
0003B2  1  xx xx xx xx  
0003B6  1  xx xx xx xx  
0003BA  1  xx xx xx xx  
0003BE  1  xx xx xx xx  
0003C2  1  xx xx xx xx  
0003C6  1  xx xx xx xx  
0003CA  1  xx xx xx xx  
0003CE  1  xx xx xx xx  
0003D2  1  xx xx xx xx  
0003D6  1  xx xx xx xx  
0003DA  1  xx xx xx xx  
0003DE  1  xx xx xx xx  
0003E2  1  xx xx xx xx  
0003E6  1  xx xx xx xx  
0003EA  1  xx xx xx xx  
0003EE  1  xx xx xx xx  
0003F2  1  xx xx xx xx  
0003F6  1  xx xx xx xx  
0003FA  1  xx xx xx xx  
0003FE  1  xx xx        
000400  1               
000400  1               	.align $100 ; page align direct page for best performance
000400  1  xx xx xx xx  UserFirst:	.res User_Size	; 1st user area starts here
000404  1  xx xx xx xx  
000408  1  xx xx xx xx  
00040C  1  xx xx xx xx  
000410  1  xx xx xx xx  
000414  1  xx xx xx xx  
000418  1  xx xx xx xx  
00041C  1  xx xx xx xx  
000420  1  xx xx xx xx  
000424  1  xx xx xx xx  
000428  1  xx xx xx xx  
00042C  1  xx xx xx xx  
000430  1  xx xx xx xx  
000434  1  xx xx xx xx  
000438  1  xx xx xx xx  
00043C  1  xx xx xx xx  
000440  1  xx xx xx xx  
000444  1  xx xx xx xx  
000448  1  xx xx xx xx  
00044C  1  xx xx xx xx  
000450  1  xx xx xx xx  
000454  1  xx xx xx xx  
000458  1  xx xx xx xx  
00045C  1  xx xx xx xx  
000460  1  xx xx xx xx  
000464  1  xx xx xx xx  
000468  1  xx xx xx xx  
00046C  1  xx xx xx xx  
000470  1               
000470  1  xx xx xx xx  ReturnStack:	.res 64
000474  1  xx xx xx xx  
000478  1  xx xx xx xx  
00047C  1  xx xx xx xx  
000480  1  xx xx xx xx  
000484  1  xx xx xx xx  
000488  1  xx xx xx xx  
00048C  1  xx xx xx xx  
000490  1  xx xx xx xx  
000494  1  xx xx xx xx  
000498  1  xx xx xx xx  
00049C  1  xx xx xx xx  
0004A0  1  xx xx xx xx  
0004A4  1  xx xx xx xx  
0004A8  1  xx xx xx xx  
0004AC  1  xx xx xx xx  
0004B0  1               RSP_INIT	= *-1		; Return stack initial pointer (hardware)
0004B0  1               
0004B0  1               Dict_Base: ; RAM dictionary start
0004B0  1               
0004B0  1               
0004B0  1               ;==============================================================================
0004B0  1                .code
006000  1               
006000  1               ;------------------------------------------------------------------------------
006000  1               Cold : ; Cold start
006000  1               
006000  1  18           	CLC
006001  1  FB           	XCE		; Clear emulation bit → native mode
006002  1               
006002  1  C2 38        	REP #P_M|P_X|P_D ; 16-bit registers, not decimal
006004  1               
006004  1  A9 00 04     	lda #UserFirst	; Initialize User Pointer
006007  1  5B           	tcd
006008  1               
006008  1  4B           	phk		; Set Data Bank to Code bank ($00)
006009  1  AB           	plb
00600A  1               
00600A  1  A2 70 00     	LDX #PSP_INIT	; Parameter stack pointer
00600D  1  A9 AF 04     	LDA #RSP_INIT
006010  1  1B           	TAS		; Hardware (return) stack pointer
006011  1               
006011  1  A9 0A 00     	lda #10
006014  1  85 00        	sta U_Base
006016  1               
006016  1  64 02        	stz U_State	; User area: STATE = 0
006018  1               
006018  1  A9 B0 04     	lda #Dict_Base	; User area: DP = Dict_Base
00601B  1  85 04        	sta U_DP
00601D  1               
00601D  1  A9 07 70     	lda #Last_ROM_Word ; User area: LATEST = last ROM word
006020  1  85 06        	sta U_Latest
006022  1               
006022  1               ;	lda #'R'	;???debug
006022  1               ;	jsr EmitA
006022  1               
006022  1  A9 8E 6E     	lda #Quit	; Jump to QUIT (outer interpreter)
006025  1  4C 53 67     	jmp NextA
006028  1               
006028  1               
006028  1               ;Break1: .word *+2  ;???debug
006028  1               ;	NEXT
006028  1               
006028  1  43 6F 6C 64   Header "Cold",0 ; Cold start
00602C  1  04 00 00     
00602F  1  00 60        	.word Cold
006031  1               
006031  1               ;==============================================================================
006031  1               ; SECTION 1: PARAMETER STACK
006031  1               
006031  1  50 53 50 2D   Header "PSP-Reset",0 ; ( ... -- )  clear parameter stack
006035  1  52 65 73 65  
006039  1  74 09 2F 60  
00603D  1  3F 60        PSP_Reset: .word *+2
00603F  1  A2 70 00     	ldx #PSP_INIT
006042  1  4C 4E 67     	NEXT
006045  1               
006045  1               
006045  1  30 01 3D 60    Header "0",0 ; ( -- 0 )  push 0
006049  1                 ; Used frequently, so define this instead of using literals.
006049  1  4B 60        Zero:	.word *+2
00604B  1  CA           	dex
00604C  1  CA           	dex
00604D  1  74 00        	stz 0,x
00604F  1  4C 4E 67     	NEXT
006052  1               
006052  1               
006052  1  44 75 70 03   Header "Dup",0 ; ( a -- a a )
006056  1  49 60        
006058  1                 ; https://forth-standard.org/standard/core/DUP
006058  1  5A 60        Dup:	.word *+2	; CFA
00605A  1  B5 00        	LDA 0,X		; Load TOS
00605C  1  CA           PushA:	DEX
00605D  1  CA           	DEX
00605E  1  95 00        	STA 0,X		; Push A
006060  1  4C 4E 67     	NEXT
006063  1               
006063  1               
006063  1  44 72 6F 70    Header "Drop", 0 ; ( a -- )
006067  1  04 58 60     
00606A  1                 ; https://forth-standard.org/standard/core/DROP
00606A  1  6C 60        Drop:	.word *+2	; CFA
00606C  1  E8           	INX
00606D  1  E8           	INX
00606E  1  4C 4E 67     	NEXT
006071  1               
006071  1               
006071  1  53 77 61 70    Header "Swap", 0 ; ( a b -- b a )
006075  1  04 6A 60     
006078  1                 ; https://forth-standard.org/standard/core/SWAP
006078  1  7A 60        Swap:	.word *+2	; CFA
00607A  1  B5 00        	LDA 0,X		; b (TOS)
00607C  1  48           	pha
00607D  1  B5 02        	LDA 2,X		; a (NOS)
00607F  1  95 00        	STA 0,X		; TOS = a
006081  1  68           	pla
006082  1  95 02        	STA 2,X		; NOS = b
006084  1  4C 4E 67     	NEXT
006087  1               
006087  1               
006087  1  4F 76 65 72    Header "Over", 0 ; ( a b -- a b a )
00608B  1  04 78 60     
00608E  1                 ; https://forth-standard.org/standard/core/OVER
00608E  1  90 60        Over:	.word *+2
006090  1  B5 02        	LDA 2,X		; a (NOS)
006092  1  80 C8        	bra PushA	; Push copy of a
006094  1               
006094  1               
006094  1  52 6F 74 03    Header "Rot", 0 ; ( a b c -- b c a )
006098  1  8E 60        
00609A  1                 ; https://forth-standard.org/standard/core/ROT
00609A  1  9C 60        Rot:	.word *+2	; CFA
00609C  1  B5 04        	LDA 4,X		; a (bottom)
00609E  1  48           	pha
00609F  1  B5 02        	LDA 2,X		; b
0060A1  1  95 04        	STA 4,X		; bottom slot = b
0060A3  1  B5 00        	LDA 0,X		; c (TOS)
0060A5  1  95 02        	STA 2,X		; middle slot = c
0060A7  1  68           	pla
0060A8  1  95 00        	STA 0,X		; TOS = a
0060AA  1  4C 4E 67     	NEXT
0060AD  1               
0060AD  1               
0060AD  1  4E 69 70 03   Header "Nip",0 ; ( a b -- b )
0060B1  1  9A 60        
0060B3  1                 ; https://forth-standard.org/standard/core/NIP
0060B3  1  B5 60        Nip:	.word *+2
0060B5  1  B5 00        	LDA 0,X		; b (TOS)
0060B7  1  E8           NipA:	INX
0060B8  1  E8           	INX
0060B9  1  95 00        	STA 0,X		; Overwrite a with b
0060BB  1  4C 4E 67     	NEXT
0060BE  1               
0060BE  1               
0060BE  1  54 75 63 6B   Header "Tuck",0 ; ( a b -- b a b )
0060C2  1  04 B3 60     
0060C5  1                 ; https://forth-standard.org/standard/core/TUCK
0060C5  1  C7 60        Tuck:	.word *+2	; CFA
0060C7  1  B5 00        	LDA 0,X		; b
0060C9  1  48           	pha
0060CA  1  B5 02        	LDA 2,X		; a
0060CC  1  95 00        	STA 0,X		; TOS = a
0060CE  1  CA           	DEX
0060CF  1  CA           	DEX
0060D0  1  68           	pla		; b
0060D1  1  95 00        	STA 0,X		; New TOS = b
0060D3  1  95 04        	STA 4,X		; Slot below a = b
0060D5  1  4C 4E 67     	NEXT
0060D8  1               
0060D8  1               
0060D8  1  32 44 72 6F   Header "2Drop", 0 ; ( a b -- )
0060DC  1  70 05 C5 60  
0060E0  1                 ; https://forth-standard.org/standard/core/TwoDROP
0060E0  1  E2 60        TwoDrop: .word *+2 ; CFA
0060E2  1  E8           	INX
0060E3  1  E8           	INX
0060E4  1  80 86        	bra Drop+2
0060E6  1               
0060E6  1               
0060E6  1               ; Header "3Drop",0 ; ( a b c -- )
0060E6  1  E8 60        ThreeDrop: .word *+2 ; CFA
0060E8  1  E8           	inx		; Drop c
0060E9  1  E8           	inx
0060EA  1  80 F6        	bra TwoDrop+2	; Drop b a, NEXT
0060EC  1               
0060EC  1               
0060EC  1  32 44 75 70   Header "2Dup", 0 ; ( a b -- a b a b )
0060F0  1  04 E0 60     
0060F3  1                 ; https://forth-standard.org/standard/core/TwoDUP
0060F3  1  F5 60        TwoDup:	.word *+2	; CFA
0060F5  1  CA           	DEX
0060F6  1  CA           	DEX
0060F7  1  CA           	DEX
0060F8  1  CA           	DEX
0060F9  1  B5 06        	LDA 6,X		; a
0060FB  1  95 02        	STA 2,X
0060FD  1  B5 04        	LDA 4,X		; b
0060FF  1  95 00        	STA 0,X
006101  1  4C 4E 67     	NEXT
006104  1               
006104  1               
006104  1  32 4F 76 65   Header "2Over", 0 ; ( a b c d -- a b c d a b )
006108  1  72 05 F3 60  
00610C  1                 ; https://forth-standard.org/standard/core/TwoOVER
00610C  1  0E 61        TwoOver: .word *+2	; CFA
00610E  1  CA           	DEX
00610F  1  CA           	DEX
006110  1  CA           	DEX
006111  1  CA           	DEX
006112  1  B5 0A        	LDA 10,X	; a
006114  1  95 02        	STA 2,X
006116  1  B5 08        	LDA 8,X		; b
006118  1  95 00        	STA 0,X
00611A  1  4C 4E 67     	NEXT
00611D  1               
00611D  1               
00611D  1  32 53 77 61   Header "2Swap", 0 ; ( a b c d -- c d a b )
006121  1  70 05 0C 61  
006125  1                 ; https://forth-standard.org/standard/core/TwoSWAP
006125  1  27 61        TwoSwap: .word *+2	; CFA
006127  1  5A           	phy		; save IP
006128  1  B5 00        	lda 0,x		; swap b & d
00612A  1  B4 04        	ldy 4,x
00612C  1  95 04        	sta 4,x
00612E  1  94 00        	sty 0,x
006130  1  B5 02        	lda 2,x		; swap a & c
006132  1  B4 06        	ldy 6,x
006134  1  95 06        	sta 6,x
006136  1  94 02        	sty 2,x
006138  1  7A           	ply		; restore IP
006139  1  4C 4E 67     	NEXT
00613C  1               
00613C  1               
00613C  1  44 65 70 74   Header "Depth", 0 ; ( -- n ) number of items on parameter stack
006140  1  68 05 25 61  
006144  1                 ; https://forth-standard.org/standard/core/DEPTH
006144  1  46 61        Depth:	.word *+2	; CFA
006146  1  86 26        	stx W		; save PSP
006148  1  A9 70 00     	lda #PSP_INIT
00614B  1  38           	sec
00614C  1  E5 26        	sbc W
00614E  1  4A           	LSR A		; Divide by 2 (to get cells)
00614F  1  4C 5C 60     	jmp PushA
006152  1               
006152  1               
006152  1  50 69 63 6B   Header "Pick",0 ; ( xu...x1 x0 u -- xu...x1 x0 xu )
006156  1  04 44 61     
006159  1                 ; https://forth-standard.org/standard/core/PICK
006159  1  5B 61        Pick:	.word *+2	; CFA
00615B  1  B5 00        	LDA 0,X		; u
00615D  1  0A           	ASL A		; * 2 (cell size)
00615E  1  DA           	phx		; save PSP
00615F  1  63 01        	adc 1,s		; X+=A
006161  1  AA           	tax
006162  1  B5 02        	lda 2,x		; get cell
006164  1  FA           	plx		; restore PSP
006165  1  95 00        	sta 0,x		; save result
006167  1  4C 4E 67     	NEXT
00616A  1               
00616A  1               ;==============================================================================
00616A  1               ; SECTION 2: RETURN STACK
00616A  1               
00616A  1               
00616A  1  3E 52 02 59   Header ">R", 0 ; ( a -- ) (R: -- a )  push to return stack
00616E  1  61           
00616F  1                 ; https://forth-standard.org/standard/core/toR
00616F  1  71 61        ToR:	.word *+2	; CFA
006171  1  B5 00        	LDA 0,X		; Pop from parameter stack
006173  1  E8           	INX
006174  1  E8           	INX
006175  1  48           	PHA		; Push onto return stack
006176  1  4C 4E 67     	NEXT
006179  1               
006179  1               
006179  1  32 3E 52 03   Header "2>R",0 ; ( x1 x2 -- ) ( R: -- x1 x2 )  move cell pair to return stack
00617D  1  6F 61        
00617F  1                 ; https://forth-standard.org/standard/core/TwotoR
00617F  1  81 61        TwoToR:	.word *+2	; CFA
006181  1  B5 02        	lda 2,x		; get x1
006183  1  48           	pha
006184  1  B5 00        	lda 0,x		; get x2
006186  1  48           	pha
006187  1  4C E2 60     	jmp TwoDrop+2	; 2Drop
00618A  1               
00618A  1               
00618A  1  52 3E 02 7F   Header "R>", 0 ; ( -- a ) (R: a -- )  pop from return stack
00618E  1  61           
00618F  1                 ; https://forth-standard.org/standard/core/Rfrom
00618F  1  91 61        RFrom:	.word *+2	; CFA
006191  1  68           	PLA		; Pop from return stack
006192  1  4C 5C 60     	jmp PushA	; Push onto parameter stack
006195  1               
006195  1               
006195  1  32 52 3E 03   Header "2R>",0 ; ( R: x1 x2 -- ) ( -- x1 x2 )  Pop 2 cells from the return stack
006199  1  8F 61        
00619B  1                 ; https://forth-standard.org/standard/core/TwoRfrom
00619B  1  9D 61        TwoRFrom: .word *+2	; CFA
00619D  1  CA           	dex
00619E  1  CA           	dex
00619F  1  CA           	dex
0061A0  1  CA           	dex
0061A1  1  68           	pla		; do x2
0061A2  1  95 00        	sta 0,x
0061A4  1  68           	pla		; do x1
0061A5  1  95 02        	sta 2,x
0061A7  1  4C 4E 67     	NEXT
0061AA  1               
0061AA  1               
0061AA  1  52 40 02 9B   Header "R@", 0 ; ( -- a ) (R: a -- a )  get a copy of top of return stack
0061AE  1  61           
0061AF  1                 ; https://forth-standard.org/standard/core/RFetch
0061AF  1  B1 61        RFetch:	.word *+2	; CFA
0061B1  1  A3 01        	lda 1,s
0061B3  1  4C 5C 60     	jmp PushA
0061B6  1               
0061B6  1               
0061B6  1               ; Header "2R@",0 ; ( R: x1 x2 -- x1 x2 ) ( -- x1 x2 )  Get top 2 return stack cells
0061B6  1                 ; https://forth-standard.org/standard/core/TwoRFetch
0061B6  1               
0061B6  1               ;==============================================================================
0061B6  1               ; SECTION 3: ARITHMETIC
0061B6  1               
0061B6  1               
0061B6  1  2B 01 AF 61   Header "+", 0 ; ( a b -- a+b )
0061BA  1                 ; https://forth-standard.org/standard/core/Plus
0061BA  1  BC 61        Plus:	.word *+2	; CFA
0061BC  1  B5 00        	LDA 0,X		; b
0061BE  1  E8           	INX
0061BF  1  E8           	INX
0061C0  1  18           	CLC
0061C1  1  75 00        	ADC 0,X		; a + b
0061C3  1  95 00        	STA 0,X		; Replace with result
0061C5  1  4C 4E 67     	NEXT
0061C8  1               
0061C8  1               
0061C8  1  2D 01 BA 61   Header "-", 0 ; ( a b -- a-b )
0061CC  1                 ; https://forth-standard.org/standard/core/Minus
0061CC  1  CE 61        Minus:	.word *+2	; CFA
0061CE  1  B5 02        	LDA 2,X		; a
0061D0  1  38           	SEC
0061D1  1  F5 00        	SBC 0,X		; a - b
0061D3  1  4C B7 60     	jmp NipA
0061D6  1               
0061D6  1               
0061D6  1  4E 65 67 61   Header "Negate", 0 ; ( n -- -n )
0061DA  1  74 65 06 CC  
0061DE  1  61           
0061DF  1                 ; https://forth-standard.org/standard/core/NEGATE
0061DF  1  E1 61        Negate: .word *+2	; CFA
0061E1  1  B5 00        	LDA 0,X
0061E3  1  49 FF FF     Negat3:	EOR #$FFFF
0061E6  1  1A           	INC A
0061E7  1  95 00        	STA 0,X
0061E9  1  4C 4E 67     	NEXT
0061EC  1               
0061EC  1               
0061EC  1  41 62 73 03   Header "Abs",0 ; ( n -- |n| )
0061F0  1  DF 61        
0061F2  1                 ; https://forth-standard.org/standard/core/ABS
0061F2  1  F4 61        Abs:	.word *+2	; CFA
0061F4  1  B5 00        	LDA 0,X
0061F6  1  30 EB        	bmi Negat3
0061F8  1  4C 4E 67     	NEXT
0061FB  1               
0061FB  1               
0061FB  1               ; Header "D+",0 ; ( d1 d2 -- d3 ) double precision add
0061FB  1               ; Header "D-",0 ; ( d1 d2 -- d1-d2 ) double precision subtract
0061FB  1               
0061FB  1               
0061FB  1  44 4E 65 67   Header "DNegate",0 ; ( d1 -- -d1 )  return -d1
0061FF  1  61 74 65 07  
006203  1  F2 61        
006205  1                 ; https://forth-standard.org/standard/double/DNEGATE
006205  1  07 62        DNegate: .word *+2	; CFA
006207  1  38           	sec
006208  1  A9 00 00     	lda #0
00620B  1  F5 02        	sbc 2,x
00620D  1  95 02        	sta 2,x
00620F  1  A9 00 00     	lda #0
006212  1  F5 00        	sbc 0,x
006214  1  95 00        	sta 0,x
006216  1  4C 4E 67     	NEXT
006219  1               
006219  1               
006219  1  44 41 62 73   Header "DAbs",0 ; ( d -- ud )  ud is the absolute value of d
00621D  1  04 05 62     
006220  1                 ; https://forth-standard.org/standard/double/DABS
006220  1  22 62        DAbs:	.word *+2	; CFA
006222  1  B5 00        	lda 0,x		; test d sign
006224  1  30 E1        	bmi DNegate+2
006226  1  4C 4E 67     	NEXT
006229  1               
006229  1               
006229  1  4D 61 78 03   Header "Max",0 ; ( a b -- max )  signed
00622D  1  20 62        
00622F  1                 ; https://forth-standard.org/standard/core/MAX
00622F  1  31 62        Max:	.word *+2	; CFA
006231  1  B5 00        	lda 0,x		; a
006233  1  38           	sec
006234  1  F5 02        	sbc 2,x		; a - b (signed)
006236  1  70 1A        	bvs Min5
006238  1  30 04        Max5:	bmi Max9
00623A  1  B5 00        Max8:	lda 0,x
00623C  1  95 02        	sta 2,x
00623E  1  E8           Max9:	inx
00623F  1  E8           	inx
006240  1  4C 4E 67     	NEXT
006243  1               
006243  1               
006243  1  4D 69 6E 03   Header "Min",0 ; ( a b -- min )  signed
006247  1  2F 62        
006249  1                 ; https://forth-standard.org/standard/core/MIN
006249  1  4B 62        Min:	.word *+2	; CFA
00624B  1  B5 00        	lda 0,x		; a
00624D  1  38           	sec
00624E  1  F5 02        	sbc 2,x		; a - b (signed)
006250  1  70 E6        	bvs Max5
006252  1  30 E6        Min5:	bmi Max8
006254  1  80 E8        	bra Max9
006256  1               
006256  1               
006256  1  31 2B 02 49   Header "1+", 0 ; ( n -- n+1 )
00625A  1  62           
00625B  1                 ; https://forth-standard.org/standard/core/OnePlus
00625B  1  5D 62        OnePlus: .word *+2	; CFA
00625D  1  F6 00        	INC 0,X
00625F  1  4C 4E 67     	NEXT
006262  1               
006262  1               
006262  1  32 2B 02 5B   Header "2+",0 ; ( n -- n+2 )
006266  1  62           
006267  1  69 62        TwoPlus: .word *+2
006269  1  F6 00        	inc 0,x
00626B  1  80 F0        	bra OnePlus+2
00626D  1               
00626D  1               
00626D  1  31 2D 02 67   Header "1-", 0 ; ( n -- n-1 )
006271  1  62           
006272  1                 ; https://forth-standard.org/standard/core/OneMinus
006272  1  74 62        OneMinus: .word *+2	; CFA
006274  1  D6 00        	DEC 0,X
006276  1  4C 4E 67     	NEXT
006279  1               
006279  1               
006279  1  32 2A 02 72   Header "2*", 0 ; ( n -- n*2 )
00627D  1  62           
00627E  1                 ; https://forth-standard.org/standard/core/TwoTimes
00627E  1  80 62        TwoStar: .word *+2	; CFA
006280  1  16 00        	ASL 0,X
006282  1  4C 4E 67     	NEXT
006285  1               
006285  1               
006285  1  32 2F 02 7E   Header "2/", 0 ; ( n -- n/2 ) signed shift right
006289  1  62           
00628A  1                 ; https://forth-standard.org/standard/core/TwoDiv
00628A  1  8C 62        TwoSlash: .word *+2	; CFA
00628C  1  B5 00        	LDA 0,X
00628E  1  0A           	asl a		; Arithmetic shift right: preserve sign bit
00628F  1  76 00        	ROR 0,x		; Shift right, sign bit from carry
006291  1  4C 4E 67     	NEXT
006294  1               
006294  1               
006294  1  55 32 2F 03   Header "U2/",0 ; ( u -- u/2 ) unsigned shift right
006298  1  8A 62        
00629A  1  9C 62        UTwoSlash: .word *+2
00629C  1  56 00        	lsr 0,x
00629E  1  4C 4E 67     	NEXT
0062A1  1               
0062A1  1               
0062A1  1  4C 53 68 69   Header "LShift", 0 ; ( a u -- a<<u )
0062A5  1  66 74 06 9A  
0062A9  1  62           
0062AA  1                 ; https://forth-standard.org/standard/core/LSHIFT
0062AA  1  AC 62        LShift: .word *+2	; CFA
0062AC  1  5A           	phy		; save IP
0062AD  1  B4 00        	ldy 0,x		; shift count
0062AF  1  F0 05        	beq @done
0062B1  1  16 02        @loop:	asl 2,x
0062B3  1  88           	dey
0062B4  1  D0 FB        	bne @loop
0062B6  1  7A           @done:	ply		; restore IP
0062B7  1  4C 6C 60     	jmp Drop+2
0062BA  1               
0062BA  1               
0062BA  1  52 53 68 69   Header "RShift", 0 ; ( a u -- a>>u ) logical shift right
0062BE  1  66 74 06 AA  
0062C2  1  62           
0062C3  1                 ; https://forth-standard.org/standard/core/RSHIFT
0062C3  1  C5 62        RShift:	.word *+2	; CFA
0062C5  1  5A           	phy		; save IP
0062C6  1  B4 00        	ldy 0,x		; shift count
0062C8  1  F0 05        	beq @done
0062CA  1  56 02        @loop:	lsr 2,x
0062CC  1  88           	dey
0062CD  1  D0 FB        	bne @loop
0062CF  1  7A           @done:	ply		; restore IP
0062D0  1  4C 6C 60     	jmp Drop+2
0062D3  1               
0062D3  1               
0062D3  1                 .if 0
0062D3  1                Header "><",0 ; ( n -- n' )  Swap byte order in cell
0062D3  1               SwapB:	.word *+2 ; CFA
0062D3  1               	lda 0,x
0062D3  1               	xba
0062D3  1               	sta 0,x
0062D3  1               	NEXT
0062D3  1                  .endif
0062D3  1               
0062D3  1               
0062D3  1  53 3E 44 03   Header "S>D",0 ; ( n -- d )  Convert the signed number n to the double-cell number d
0062D7  1  C3 62        
0062D9  1                 ; https://forth-standard.org/standard/core/StoD
0062D9  1  DB 62        SToD:	.word *+2
0062DB  1  B5 00        	lda 0,x
0062DD  1  29 00 80     	and #$8000
0062E0  1  F0 03        	beq @3
0062E2  1  A9 FF FF     	lda #$ffff
0062E5  1  4C 5C 60     @3:	jmp PushA
0062E8  1               
0062E8  1               
0062E8  1  55 4D 2A 03   Header "UM*", 0 ; ( u1 u2 -- ud ) unsigned 16x16 -> 32-bit result
0062EC  1  D9 62        
0062EE  1                 ; Result: TOS = high cell, NOS = low cell
0062EE  1                 ; https://forth-standard.org/standard/core/UMTimes
0062EE  1  F0 62        UMStar: .word *+2	; CFA
0062F0  1  5A           	phy		; save IP
0062F1  1  A9 00 00     	lda #0		; Clear result.hi
0062F4  1  18           	clc
0062F5  1  A0 10 00     	ldy #16		; for 16 bits
0062F8  1  76 02        @loop:	ror 2,x		;   shift multiplier & result.lo
0062FA  1  90 03        	bcc @skip	;   if bit set
0062FC  1  18           	clc		;     add multiplicand to result.hi
0062FD  1  75 00        	adc 0,x
0062FF  1  6A           @skip:	ror a		;   shift result.hi
006300  1  88           	dey		;  next bit
006301  1  D0 F5        	bne @loop
006303  1  76 02        	ror 2,x		; finish result.lo
006305  1  95 00        	sta 0,x		; save result.hi
006307  1  7A           	ply		; restore IP
006308  1  4C 4E 67     	NEXT
00630B  1               
00630B  1               
00630B  1  4D 2A 02 EE   Header "M*",0 ; ( a b -- dc ) 16x16 -> 32 signed
00630F  1  62           
006310  1                 ; https://forth-standard.org/standard/core/MTimes
006310  1  6F 67        MStar:	.word DoCol
006312  1  26 63        	.word @SaveSign		; save result sign
006314  1  F2 61        	.word Abs		; abs(b)
006316  1  78 60 F2 61  	.word Swap,Abs		; abs(a)
00631A  1  EE 62        	.word UMStar		; multiply
00631C  1  8F 61 AB 67  	.word RFrom,ZBranch,@9	; fix result sign
006320  1  24 63        
006322  1  05 62        	.word DNegate
006324  1  7E 67        @9:	.word Exit
006326  1               
006326  1  28 63        @SaveSign: .word *+2
006328  1  B5 00        	lda 0,x		; save result sign
00632A  1  55 02        	eor 2,x
00632C  1  29 00 80     	and #$8000
00632F  1  48           	pha
006330  1  4C 4E 67     	NEXT
006333  1               
006333  1               
006333  1  2A 01 10 63   Header "*", 0 ; ( a b -- a*b ) 16x16 -> 16 (low word)
006337  1                 ; https://forth-standard.org/standard/core/Times
006337  1  6F 67        Star:	.word DoCol	; CFA
006339  1  EE 62        	.word UMStar
00633B  1  6A 60        	.word Drop
00633D  1  7E 67        	.word Exit
00633F  1               
00633F  1               
00633F  1  55 4D 2F 4D   Header "UM/MOD", 0 ; ( ud u -- ur uq ) unsigned 32/16 -> 16 remainder, 16 quotient
006343  1  4F 44 06 37  
006347  1  63           
006348  1                 ; Stack: NOS_HI=ud_high NOS=ud_low TOS=u (divisor)
006348  1                 ; Quotient overflow gives strange results.
006348  1                 ; This is a standard 32/16 non-restoring division
006348  1                 ; https://forth-standard.org/standard/core/UMDivMOD
006348  1  4A 63        UMSlashMod: .word *+2
00634A  1  5A           	phy		; save IP
00634B  1  B5 02        	lda 2,x		; A= dividend.hi
00634D  1  B4 04        	ldy 4,x		; move dividend.lo
00634F  1  94 02        	sty 2,x
006351  1  18           	clc
006352  1  A0 10 00     	ldy #16		; for 16 bits
006355  1  36 02        @loop:	rol 2,x		;   Shift quotient & dividend.lo
006357  1  2A           	rol a		;   shift dividend.hi
006358  1  B0 04        	bcs @sub
00635A  1  D5 00        	cmp 0,x		;   will it fit?
00635C  1  90 03        	bcc @skip
00635E  1  F5 00        @sub:	sbc 0,x		;     subtract divisor
006360  1  38           	sec
006361  1  88           @skip:	dey		;  next bit
006362  1  D0 F1        	bne @loop
006364  1  36 02        	rol 2,x		; finish quotient
006366  1  95 04        	sta 4,x		; save remainder
006368  1  E8           	inx		; drop divisor
006369  1  E8           	inx
00636A  1  7A           	ply		; restore IP
00636B  1  4C 4E 67     	NEXT
00636E  1               
00636E  1               
00636E  1  53 4D 2F 52   Header "SM/Rem",0 ; ( d1 n1 -- n_remainder n_quotient )  Symmetric signed division
006372  1  65 6D 06 48  
006376  1  63           
006377  1                 ; Divide d_dividend by n_divisor, giving the symmetric quotient n_quotient and
006377  1                 ; the remainder n_remainder. Input and output stack arguments are signed.
006377  1                 ; An ambiguous condition exists if n_divisor is zero or if the quotient
006377  1                 ; lies outside the range of a single-cell signed integer.
006377  1                 ; http://forth-standard.org/standard/core/SMDivREM
006377  1  6F 67        SMSRem:	.word DoCol	; CFA
006379  1  6F 61        	.word ToR		; save divisor
00637B  1  58 60 6F 61  	.word Dup,ToR		; save dividend sign
00637F  1  20 62        	.word DAbs		; make dividend positive
006381  1  AA 63 F2 61  	.word @RAt2,Abs		; get abs(divisor)
006385  1  48 63        	.word UMSlashMod	; unsigned divide
006387  1  8B 63        	.word @Correct		; correct quotient sign
006389  1               				; correct remainder sign
006389  1  7E 67        	.word Exit
00638B  1               
00638B  1  8D 63        @Correct: .word *+2
00638D  1  A3 03        	lda 3,s			; correct quotient sign
00638F  1  43 01        	eor 1,s
006391  1  10 08        	bpl @5
006393  1  A9 00 00     	lda #0
006396  1  38           	sec
006397  1  F5 00        	sbc 0,x
006399  1  95 00        	sta 0,x
00639B  1               @5:
00639B  1               
00639B  1  68           	pla			; correct remainder sign
00639C  1  10 08        	bpl @6
00639E  1  A9 00 00     	lda #0
0063A1  1  38           	sec
0063A2  1  F5 02        	sbc 2,x
0063A4  1  95 02        	sta 2,x
0063A6  1               @6:
0063A6  1  68           	pla			; drop saved divisor
0063A7  1  4C 4E 67     	NEXT
0063AA  1               
0063AA  1  AC 63        @RAt2:	.word *+2 ; (R: a b -- a b ) ( -- a )  get R: NOS
0063AC  1  A3 03        	lda 3,s
0063AE  1  4C 5C 60     	jmp PushA
0063B1  1               
0063B1  1               
0063B1  1  2F 4D 4F 44   Header "/MOD", 0 ; ( n1 n2 -- rem quot ) signed division
0063B5  1  04 77 63     
0063B8  1                 ; Divide n1 by n2, giving the single-cell remainder n3 and the single-cell quotient n4. An
0063B8  1                 ; ambiguous condition exists if n2 is zero. If n1 and n2 differ in sign, the implementation defined
0063B8  1                 ; result returned will be the same as that returned by either the phrase >R S>D R>
0063B8  1                 ; FM/MOD or the phrase >R S>D R> SM/REM.
0063B8  1                 ; https://forth-standard.org/standard/core/DivMOD
0063B8  1  6F 67        SlashMod: .word DoCol	; CFA
0063BA  1  6F 61 D9 62  	.word ToR,SToD,RFrom,SMSRem,Exit
0063BE  1  8F 61 77 63  
0063C2  1  7E 67        
0063C4  1               
0063C4  1               
0063C4  1  2F 01 B8 63   Header "/", 0 ; ( n1 n2 -- quot ) signed division
0063C8  1                 ; https://forth-standard.org/standard/core/Div
0063C8  1  6F 67        Slash:	.word DoCol	; CFA
0063CA  1  B8 63        	.word SlashMod
0063CC  1  B3 60        	.word Nip	; remainder
0063CE  1  7E 67        	.word Exit
0063D0  1               
0063D0  1               
0063D0  1  4D 6F 64 03   Header "Mod", 0 ; ( n1 n2 -- rem ) signed remainder
0063D4  1  C8 63        
0063D6  1                 ; https://forth-standard.org/standard/core/MOD
0063D6  1  6F 67        Mod:	.word DoCol	; CFA
0063D8  1  B8 63        	.word SlashMod
0063DA  1  6A 60        	.word Drop	; quotient
0063DC  1  7E 67        	.word Exit
0063DE  1               
0063DE  1               
0063DE  1               ;==============================================================================
0063DE  1               ; SECTION 4: COMPARISON
0063DE  1               
0063DE  1               
0063DE  1  30 3D 02 D6   Header "0=",0 ; ( a -- flag )
0063E2  1  63           
0063E3  1                 ; https://forth-standard.org/standard/core/ZeroEqual
0063E3  1  E5 63        ZeroEq:	.word *+2	; CFA
0063E5  1  B5 00        	LDA 0,X
0063E7  1  D0 13        	BNE False1
0063E9  1  A9 FF FF     True1:	LDA #$FFFF	; Drop 1, return True
0063EC  1  95 00        	STA 0,X
0063EE  1  4C 4E 67     	NEXT
0063F1  1               
0063F1  1               
0063F1  1  30 3C 02 E3   Header "0<",0 ; ( a -- flag )
0063F5  1  63           
0063F6  1                 ; https://forth-standard.org/standard/core/Zeroless
0063F6  1  F8 63        ZeroLt:	.word *+2	; CFA
0063F8  1  B5 00        	LDA 0,X
0063FA  1  30 ED        	bmi True1
0063FC  1  74 00        False1:	STZ 0,X		; Drop 1, return False
0063FE  1  4C 4E 67     	NEXT
006401  1               
006401  1               
006401  1  30 3E 02 F6   Header "0>",0 ; ( a -- flag )
006405  1  63           
006406  1                 ; https://forth-standard.org/standard/core/Zeromore
006406  1  08 64        ZeroGt:	.word *+2	; CFA
006408  1  B5 00        	LDA 0,X
00640A  1  30 F0        	bmi False1
00640C  1  D0 DB        	bne True1
00640E  1  80 EC        	bra False1
006410  1               
006410  1               
006410  1  3D 01 06 64   Header "=", 0 ; ( a b -- flag )
006414  1                 ; https://forth-standard.org/standard/core/Equal
006414  1  16 64        Equal:	.word *+2	; CFA
006416  1  B5 00        	LDA 0,X
006418  1  D5 02        	CMP 2,X
00641A  1  F0 11        	BEQ True2
00641C  1  E8           False2:	INX		; Drop
00641D  1  E8           	INX
00641E  1  80 DC        	bra False1	; Drop, return false
006420  1               
006420  1               
006420  1  3C 3E 02 14   Header "<>", 0 ; ( a b -- flag )
006424  1  64           
006425  1                 ; https://forth-standard.org/standard/core/ne
006425  1  27 64        NotEqual: .word *+2	; CFA
006427  1  B5 00        	LDA 0,X
006429  1  D5 02        	CMP 2,X
00642B  1  F0 EF        	beq False2
00642D  1  E8           True2:	inx		; Drop
00642E  1  E8           	inx
00642F  1  80 B8        	bra True1	; Drop, return True
006431  1               
006431  1               
006431  1  3C 01 25 64   Header "<",0 ; ( a b -- flag ) signed
006435  1                 ; https://forth-standard.org/standard/core/less
006435  1  37 64        Less:	.word *+2	; CFA
006437  1  B5 02        	LDA 2,X		; a
006439  1  38           	SEC
00643A  1  F5 00        	SBC 0,X		; a - b
00643C  1  70 11        	bvs Greater3
00643E  1  30 ED        Less3:	bmi True2	; result negative and no overflow = a<b
006440  1  80 DA        	bra False2
006442  1               
006442  1               
006442  1  3E 01 35 64   Header ">",0 ; ( a b -- flag ) signed
006446  1                 ; https://forth-standard.org/standard/core/more
006446  1  48 64        Greater: .word *+2	; CFA
006448  1  B5 02        	LDA 2,X		; b
00644A  1  38           	SEC
00644B  1  F5 00        	SBC 0,X		; b - a (reversed for >)
00644D  1  70 EF        	bvs Less3
00644F  1  30 CB        Greater3: bmi False2
006451  1  D0 DA        	bne True2
006453  1  80 C7        	bra False2
006455  1               
006455  1               
006455  1  55 3C 02 46   Header "U<",0 ; ( u1 u2 -- flag ) unsigned less than
006459  1  64           
00645A  1                 ; https://forth-standard.org/standard/core/Uless
00645A  1  5C 64        ULess:	.word *+2	; CFA
00645C  1  B5 02        	LDA 2,X		; u1
00645E  1  D5 00        	CMP 0,X		; u1 - u2 (unsigned)
006460  1  90 CB        	BCC True2	; Carry clear = u1 < u2
006462  1  80 B8        	bra False2
006464  1               
006464  1               
006464  1  55 3E 02 5A   Header "U>",0 ; ( u1 u2 -- flag ) unsigned greater than
006468  1  64           
006469  1                 ; https://forth-standard.org/standard/core/Umore
006469  1  6B 64        UGreater: .word *+2	; CFA
00646B  1  B5 00        	LDA 0,X		; u2
00646D  1  D5 02        	CMP 2,X		; u2 - u1 (reversed)
00646F  1  90 BC        	BCC True2
006471  1  80 A9        	bra False2
006473  1               
006473  1               ;==============================================================================
006473  1               ; SECTION 5: LOGIC
006473  1               
006473  1  54 72 75 65   Header "True", 0 ; ( -- true )
006477  1  04 69 64     
00647A  1                 ; https://forth-standard.org/standard/core/TRUE
00647A  1  7C 64        True:	.word *+2
00647C  1  A9 FF FF     	lda #$ffff
00647F  1  4C 5C 60     	jmp PushA
006482  1               
006482  1               
006482  1  46 61 6C 73   Header "False", 0 ; ( -- false )
006486  1  65 05 7A 64  
00648A  1                 ; https://forth-standard.org/standard/core/FALSE
00648A  1  8C 64        False:	.word *+2
00648C  1  A9 00 00     	lda #0
00648F  1  4C 5C 60     	jmp PushA
006492  1               
006492  1               
006492  1  41 6E 64 03   Header "And", 0 ; ( a b -- a&b )
006496  1  8A 64        
006498  1                 ; https://forth-standard.org/standard/core/AND
006498  1                 ; Modified name to not conflict with opcode name.
006498  1  9A 64        And1:	.word *+2	; CFA
00649A  1  B5 00        	LDA 0,X
00649C  1  35 02        	AND 2,X
00649E  1  4C B7 60     	jmp NipA
0064A1  1               
0064A1  1               
0064A1  1  4F 72 02 98   Header "Or", 0 ; ( a b -- a|b )
0064A5  1  64           
0064A6  1                 ; https://forth-standard.org/standard/core/OR
0064A6  1                 ; Modified name to not conflict with opcode name.
0064A6  1  A8 64        Or1:	.word *+2	; CFA
0064A8  1  B5 00        	LDA 0,X
0064AA  1  15 02        	ORA 2,X
0064AC  1  4C B7 60     	jmp NipA
0064AF  1               
0064AF  1               
0064AF  1  58 6F 72 03   Header "Xor", 0 ; ( a b -- a^b )
0064B3  1  A6 64        
0064B5  1                 ; https://forth-standard.org/standard/core/XOR
0064B5  1                 ; Modified name to not conflict with opcode name.
0064B5  1  B7 64        Xor1:	.word *+2	; CFA
0064B7  1  B5 00        	LDA 0,X
0064B9  1  55 02        	EOR 2,X
0064BB  1  4C B7 60     	jmp NipA
0064BE  1               
0064BE  1               
0064BE  1  49 6E 76 65   Header "Invert", 0 ; ( a -- ~a )
0064C2  1  72 74 06 B5  
0064C6  1  64           
0064C7  1                 ; https://forth-standard.org/standard/core/INVERT
0064C7  1  C9 64        Invert:	.word *+2	; CFA
0064C9  1  B5 00        	LDA 0,X
0064CB  1  49 FF FF     	EOR #$FFFF
0064CE  1  95 00        	STA 0,X
0064D0  1  4C 4E 67     	NEXT
0064D3  1               
0064D3  1               ;==============================================================================
0064D3  1               ; SECTION 6: MEMORY
0064D3  1               
0064D3  1               
0064D3  1  40 01 C7 64   Header "@", 0 ; ( addr -- val ) fetch cell
0064D7  1                 ; https://forth-standard.org/standard/core/Fetch
0064D7  1  D9 64        Fetch:	.word *+2	; CFA
0064D9  1  A1 00        	lda (0,x)
0064DB  1  95 00        	sta 0,x
0064DD  1  4C 4E 67     	NEXT
0064E0  1               
0064E0  1               
0064E0  1  21 01 D7 64   Header "!", 0 ; ( val addr -- ) store cell
0064E4  1                 ; https://forth-standard.org/standard/core/Store
0064E4  1  E6 64        Store:	.word *+2	; CFA
0064E6  1  B5 02        	lda 2,x		; get val
0064E8  1  81 00        	sta (0,x)	; store at addr
0064EA  1  4C E2 60     	jmp TwoDrop+2	; drop addr val, NEXT
0064ED  1               
0064ED  1               
0064ED  1  43 40 02 E4   Header "C@", 0 ; ( addr -- byte ) fetch byte
0064F1  1  64           
0064F2  1                 ; https://forth-standard.org/standard/core/CFetch
0064F2  1  F4 64        CFetch:	.word *+2	; CFA
0064F4  1  E2 20        	sep #P_M
0064F6  1  A1 00        	lda (0,x)
0064F8  1  C2 20        	rep #P_M
0064FA  1  29 FF 00     	and #$ff	; zero extend
0064FD  1  95 00        	sta 0,x
0064FF  1  4C 4E 67     	NEXT
006502  1               
006502  1               
006502  1  43 21 02 F2   Header "C!", 0 ; ( byte addr -- ) store byte
006506  1  64           
006507  1                 ; https://forth-standard.org/standard/core/CStore
006507  1  09 65        CStore:	.word *+2	; CFA
006509  1  B5 02        	LDA 2,X		; get byte
00650B  1  E2 20        	sep #P_M	; store at addr
00650D  1  81 00        	sta (0,x)
00650F  1  C2 20        	rep #P_M
006511  1  4C E2 60     	jmp TwoDrop+2	; drop addr byte, NEXT
006514  1               
006514  1               
006514  1  32 40 02 07   Header "2@", 0 ; ( addr -- d ) fetch double cell
006518  1  65           
006519  1                 ; (hi cell at addr, lo cell at addr+2, cells stored little-endian)
006519  1                 ; https://forth-standard.org/standard/core/TwoFetch
006519  1  1B 65        TwoFetch: .word *+2	; CFA
00651B  1  5A           	phy		; save IP
00651C  1  B4 00        	ldy 0,X		; addr
00651E  1  B9 02 00     	lda a:2,y	; lo cell
006521  1  95 00        	sta 0,x
006523  1  B9 00 00     	lda a:0,y	; hi cell
006526  1  7A           	ply		; restore IP
006527  1  4C 5C 60     	jmp PushA
00652A  1               
00652A  1               
00652A  1  32 21 02 19   Header "2!", 0 ; ( d addr -- ) store double cell
00652E  1  65           
00652F  1                 ; https://forth-standard.org/standard/core/TwoStore
00652F  1  31 65        TwoStore: .word *+2	; CFA
006531  1  5A           	phy		; save IP
006532  1  B4 00        	ldy 0,x		; addr
006534  1  B5 02        	lda 2,x		; hi cell
006536  1  99 00 00     	sta a:0,y
006539  1  B5 04        	lda 4,x		; lo cell
00653B  1  99 02 00     	sta a:2,y
00653E  1  7A           	ply		; restore IP
00653F  1  4C E8 60     	jmp ThreeDrop+2	; 3Drop addr d, NEXT
006542  1               
006542  1               
006542  1               ; Header "+!",ha_Inline ; ( n|u a-addr -- )  Add n | u to the single-cell number at a-addr
006542  1                 ; https://forth-standard.org/standard/core/PlusStore
006542  1               
006542  1               
006542  1               ; Header "?",0 ; ( a-addr -- )  Display the cell value stored at a-addr.
006542  1                 ; https://forth-standard.org/standard/tools/q
006542  1               
006542  1               
006542  1  43 4D 6F 76   Header "CMove", 0 ; ( src dst u -- ) copy u bytes from src to dst ascending
006546  1  65 05 2F 65  
00654A  1                 ; https://forth-standard.org/standard/core/CMOVE
00654A  1  4C 65        CMove:	.word *+2	; CFA
00654C  1  B5 00        	lda 0,x		; u (byte count)
00654E  1  F0 0E        	beq @9		; Zero count = no-op
006550  1  3A           	dec a		; decrement byte count for mvn
006551  1  DA           	phx		; save PSP
006552  1  5A           	phy		; save IP
006553  1  B4 04        	ldy 4,x		; prepare src
006555  1  5A           	phy
006556  1  B4 02        	ldy 2,x		; Y=dst
006558  1  FA           	plx		; X=src
006559  1  54 00 00     	mvn #0,#0	; block move
00655C  1  7A           	ply		; restore IP
00655D  1  FA           	plx		; restore PSP
00655E  1  4C E8 60     @9:	jmp ThreeDrop+2	; Drop u dst src, NEXT
006561  1               
006561  1               
006561  1  46 69 6C 6C   Header "Fill", 0 ; ( caddr u byte -- ) fill u bytes starting at addr with byte
006565  1  04 4A 65     
006568  1                 ; https://forth-standard.org/standard/core/FILL
006568  1  6A 65        Fill:	.word *+2	; CFA
00656A  1  5A           	phy		; save IP
00656B  1  B4 02        	ldy 2,x		; get u
00656D  1  F0 16        	beq @9
00656F  1  B5 00        	lda 0,X		; byte
006571  1  E2 20        	sep #P_M	; P_M= 8bit
006573  1  81 04        	sta (4,x)	; Save 1st fill byte
006575  1  C2 20        	rep #P_M	; P_M= 16bit
006577  1  98           	tya
006578  1  3A           	dea		; more to fill?
006579  1  F0 0A        	beq @9
00657B  1  3A           	dea		; A=count-1-1
00657C  1  DA           	phx
00657D  1  B4 04        	ldy 4,x		; X= addr
00657F  1  BB           	tyx
006580  1  C8           	iny		; Y= addr+1
006581  1  54 00 00     	mvn #0,#0
006584  1  FA           	plx
006585  1  7A           @9:	ply		; restore IP
006586  1  4C E8 60     	jmp ThreeDrop+2	; Drop e u caddr, NEXT
006589  1               
006589  1               ; Header "Erase",0 ; (adr u -- )  Fill with zeros
006589  1                 ; https://forth-standard.org/standard/core/ERASE
006589  1               
006589  1               ; Header "Blank",0 ; ( c-addr u -- )  Fill with blanks
006589  1                 ; https://forth-standard.org/standard/string/BLANK
006589  1               
006589  1               
006589  1               ;==============================================================================
006589  1               ; SECTION 7: Console I/O
006589  1               
006589  1               
006589  1                 .if 0
006589  1                Header "OBuf",0 ; ( size -- ) Allocate new Mensch M3 output buffer
006589  1               OBuf:	.word *+2
006589  1               	lda 0,x
006589  1               	ldy U_DP
006589  1               	sta a:$3e ; Mensch monitor: SOUTCNT3
006589  1               	sty a:$3c ; Mensch monitor: SOUTBUF3
006589  1               	stz a:$38 ; Mensch monitor: SOUTINDX3
006589  1               	stz a:$3a ; Mensch monitor: SOUTEND3
006589  1               	jmp Allot+2
006589  1                  .endif
006589  1               
006589  1               
006589  1                 .if 0
006589  1                Header "IBuf",0 ; ( size -- )  Allocate new Mensch M3 input buffer
006589  1               IBuf:	.word *+2
006589  1               	lda 0,x
006589  1               	ldy U_DP
006589  1               	sta a:$1e ; Mensch monitor: SINCNT3
006589  1               	sty a:$1c ; Mensch monitor: SIN_BUF3
006589  1               	stz a:$18 ; Mensch monitor: SININDX3
006589  1               	stz a:$1a ; Mensch monitor: SINEND3
006589  1               	jmp Allot+2
006589  1                  .endif
006589  1               
006589  1               
006589  1                 .if 0
006589  1                Header "IBufNorm",0 ; ( -- )  Revert to Mensch M3 input buffer
006589  1               IBufNorm: .word *+2
006589  1               	lda #10
006589  1               	ldy #ROM_IBUF3
006589  1               	sta a:$1e ; Mensch monitor: SINCNT3
006589  1               	sty a:$1c ; Mensch monitor: SIN_BUF3
006589  1               	stz a:$18 ; Mensch monitor: SININDX3
006589  1               	stz a:$1a ; Mensch monitor: SINEND3
006589  1               	NEXT
006589  1                  .endif
006589  1               
006589  1               
006589  1  4B 65 79 03   Header "Key",0 ; ( -- char ) receive character (blocking)
00658D  1  68 65        
00658F  1                 ; https://forth-standard.org/standard/core/KEY
00658F  1  91 65        Key:	.word *+2	; CFA
006591  1  20 97 65     	jsr KeyA
006594  1  4C 5C 60     	jmp PushA
006597  1               
006597  1               KeyA: ; subroutine, returns char in A, calls '265 Mensch monitor
006597  1  08           	php
006598  1  0B           	phd		; GET_BYTE_FROM_PC requires direct page=0
006599  1  A9 00 00     	lda #0
00659C  1  5B           	tcd
00659D  1  E2 24        	sep #P_M+P_I	; GET_BYTE_FROM_PC requires P_M=8bit.
00659F  1  22 33 E0 00  	jsl $e033	; GET_BYTE_FROM_PC
0065A3  1  2B           	pld
0065A4  1  B0 05        	bcs @2
0065A6  1  28           	plp
0065A7  1               	.a16
0065A7  1  29 FF 00     	and #$ff
0065AA  1  60           	rts
0065AB  1               
0065AB  1  28           @2:	plp
0065AC  1               	.a16
0065AC  1               ;	jsr Pause
0065AC  1  80 E9        	bra KeyA
0065AE  1               
0065AE  1               
0065AE  1  4B 65 79 3F   Header "Key?",0 ; ( -- flag ) non-blocking check for available input
0065B2  1  04 8F 65     
0065B5  1                 ; https://forth-standard.org/standard/facility/KEYq
0065B5  1  B7 65        KeyQ:	.word *+2	; CFA
0065B7  1  20 C2 65     	jsr KeyQA
0065BA  1  F0 03        	BEQ @7
0065BC  1  A9 FF FF     	LDA #$FFFF
0065BF  1  4C 5C 60     @7:	jmp PushA
0065C2  1               
0065C2  1               KeyQA: ; subroutine, returns p.z, uses '265 Mensch monitor variables
0065C2  1  AD 43 00     	lda a:$43 ;SFLAG3
0065C5  1  29 01 00     	and #1 ;SFLG
0065C8  1  60           	rts
0065C9  1               
0065C9  1               
0065C9  1               ; Header "Emit?",0 ; ( -- flag )  ready to send a char?
0065C9  1                 ; https://forth-standard.org/standard/facility/EMITq
0065C9  1               
0065C9  1               
0065C9  1  45 6D 69 74   Header "Emit",0 ; ( char -- ) transmit character
0065CD  1  04 B5 65     
0065D0  1                 ; https://forth-standard.org/standard/core/EMIT
0065D0  1  D2 65        Emit:	.word *+2	; CFA
0065D2  1  B5 00        	lda 0,x		; pop char
0065D4  1  E8           	inx
0065D5  1  E8           	inx
0065D6  1  20 DC 65      	jsr EmitA
0065D9  1  4C 4E 67     	NEXT
0065DC  1               
0065DC  1               EmitA: ; subroutine, char in A, calls '265 Mensch monitor
0065DC  1  48           	pha		; save char
0065DD  1  DA           @1:	phx		; save PSP
0065DE  1  5A           	phy		; save IP
0065DF  1  08           	php		; save flags
0065E0  1  78           	sei
0065E1  1  22 63 E0 00  	jsl $e063 ;SEND_BYTE_TO_PC
0065E5  1  B0 05        	bcs @2		; failed (full)?
0065E7  1  28           	plp		; restore flags
0065E8  1  7A           	ply		; restore IP
0065E9  1  FA           	plx		; restore PSP
0065EA  1  68           	pla		; RDrop char
0065EB  1  60           	rts
0065EC  1               
0065EC  1  28           @2:	plp		; restore flags
0065ED  1  7A           	ply		; restore IP
0065EE  1  FA           	plx		; restore PSP
0065EF  1               ;	jsr Pause
0065EF  1  80 EC        	bra @1		; try again, maybe it's not full now
0065F1  1               
0065F1  1               
0065F1  1  43 52 02 D0   Header "CR",0 ; ( -- ) emit carriage return + line feed
0065F5  1  65           
0065F6  1                 ;  c-r  https://forth-standard.org/standard/core/CR
0065F6  1  F8 65        CR:	.word *+2	; CFA
0065F8  1  20 FE 65     	jsr CRA
0065FB  1  4C 4E 67     	NEXT
0065FE  1               
0065FE  1               CRA: ; subroutine
0065FE  1  A9 0D 00     	lda #$0D	; CR
006601  1  20 DC 65     	jsr EmitA
006604  1  A9 0A 00     	lda #$0A	; LF
006607  1  80 D3        	bra EmitA
006609  1               
006609  1               
006609  1  53 70 61 63   Header "Space",0 ; ( -- ) emit a single space
00660D  1  65 05 F6 65  
006611  1                 ; https://forth-standard.org/standard/core/SPACE
006611  1  13 66        Space:	.word *+2	; CFA
006613  1  20 19 66     	jsr SpaceA
006616  1  4C 4E 67     	NEXT
006619  1               
006619  1  A9 20 00     SpaceA:	lda #' '	; ASCII space
00661C  1  80 BE        	bra EmitA
00661E  1               
00661E  1               
00661E  1  53 70 61 63   Header "Spaces",0 ; ( n -- ) emit n spaces
006622  1  65 73 06 11  
006626  1  66           
006627  1                 ; https://forth-standard.org/standard/core/SPACES
006627  1  29 66        Spaces:	.word *+2	; CFA
006629  1  D6 00        @1:	dec 0,X		; while n>0
00662B  1  30 05        	bmi @done
00662D  1  20 19 66     	jsr SpaceA
006630  1  80 F7        	bra @1
006632  1               
006632  1  4C 6C 60     @done:	jmp Drop+2	; drop n, NEXT
006635  1               
006635  1               
006635  1  54 79 70 65   Header "Type",0 ; ( addr u -- ) transmit u characters from addr
006639  1  04 27 66     
00663C  1                 ; https://forth-standard.org/standard/core/TYPE
00663C  1  45 66        Type:	.word @8	; CFA
00663E  1               
00663E  1  A1 02        @1:	lda (2,x)	;   emit next char
006640  1  20 DC 65     	jsr EmitA
006643  1  F6 02        	inc 2,x
006645  1  D6 00        @8:	dec 0,x
006647  1  10 F5        	bpl @1
006649  1  4C E2 60     	jmp TwoDrop+2	; Drop u addr, NEXT
00664C  1               
00664C  1               
00664C  1  41 63 63 65   Header "Accept",0 ; ( bufaddr buflen -- actualLen ) read a line from console into buffer
006650  1  70 74 06 3C  
006654  1  66           
006655  1                 ; https://forth-standard.org/standard/core/ACCEPT
006655  1  57 66        Accept:	.word *+2	; CFA
006657  1  5A           	phy		; save IP
006658  1  B5 02        	lda 2,x		; save addr
00665A  1  48           	pha
00665B  1  74 02        	stz 2,x		; now current index
00665D  1               
00665D  1  20 97 65     @getchar: jsr KeyA	; get console character
006660  1  C9 0D 00     	CMP #$0D	; Handle CR → end of line
006663  1  F0 38        	BEQ @done
006665  1  C9 08 00     	CMP #$08	; Handle backspace
006668  1  F0 1C        	BEQ @backspace
00666A  1  C9 7F 00     	CMP #$7F
00666D  1  F0 17        	BEQ @backspace
00666F  1               
00666F  1  B4 00        	ldy 0,x		; get max size
006671  1  84 28        	sty Temp0
006673  1  B4 02        	ldy 2,x		; Check buffer full
006675  1  C4 28        	cpy Temp0
006677  1  B0 E4        	bcs @getchar	; Ignore if full
006679  1               
006679  1  E2 20        	sep #P_M	; store char
00667B  1  93 01        	sta (1,s),y
00667D  1  C2 20        	rep #P_M
00667F  1  F6 02        	inc 2,x
006681  1  20 DC 65     	jsr EmitA	; echo
006684  1  80 D7        	bra @getchar
006686  1               
006686  1               @backspace:
006686  1  B4 02        	ldy 2,x		; current offset
006688  1  F0 D3        	beq @getchar	; Nothing to delete
00668A  1  D6 02        	dec 2,x		; back up
00668C  1  A9 08 00     	lda #$08	; Echo backspace-space-backspace
00668F  1  20 DC 65     	jsr EmitA
006692  1  20 19 66     	jsr SpaceA
006695  1  A9 08 00     	lda #$08
006698  1  20 DC 65     	jsr EmitA
00669B  1  80 C0        	bra @getchar
00669D  1               
00669D  1               @done:
00669D  1  E8           	inx		; Drop max len
00669E  1  E8           	inx
00669F  1  68           	pla		; RDrop buf ptr
0066A0  1  7A           	ply		; restore IP
0066A1  1               ;	jsr CRA		; Echo newline
0066A1  1  4C 4E 67     	NEXT
0066A4  1               
0066A4  1               
0066A4  1  2E 48 65 78   Header ".Hex", 0 ; ( n -- ) Print TOS as hex
0066A8  1  04 55 66     
0066AB  1  AD 66        DotHex:	.word *+2
0066AD  1  B5 01        	LDA 1,X		; do hi byte
0066AF  1  20 C6 66     	jsr CDotHexA
0066B2  1  80 0A        	bra CDotHex+2	; do lo byte
0066B4  1               
0066B4  1               
0066B4  1  43 2E 48 65   Header "C.Hex",0 ; ( n -- ) Print TOS as 2-digit hex
0066B8  1  78 05 AB 66  
0066BC  1  BE 66        CDotHex: .word *+2
0066BE  1  B5 00        	lda 0,x		; do lo byte
0066C0  1  20 C6 66     	jsr CDotHexA
0066C3  1  4C 6C 60     	jmp Drop+2	; Drop n, NEXT
0066C6  1               
0066C6  1               CDotHexA: ; subroutine: type byte in A as hex
0066C6  1  48           	pha		; do hi nibble
0066C7  1  4A           	lsr a
0066C8  1  4A           	lsr a
0066C9  1  4A           	lsr a
0066CA  1  4A           	lsr a
0066CB  1  20 CF 66     	jsr NDotHexA
0066CE  1  68           	pla		; do lo nibble
0066CF  1               NDotHexA:
0066CF  1  29 0F 00     	AND #$F		; convert to ASCII
0066D2  1  C9 0A 00     	CMP #10
0066D5  1  90 03        	bcc @hdigit
0066D7  1  69 06 00     	ADC #6 ;'A'-10-1
0066DA  1  69 30 00     @hdigit: ADC #'0'
0066DD  1  4C DC 65     	jmp EmitA
0066E0  1               
0066E0  1               
0066E0  1  55 2E 02 BC   Header "U.",0 ; ( u -- )  print as unsigned number
0066E4  1  66           
0066E5  1                 ; https://forth-standard.org/standard/core/Ud
0066E5  1  E7 66        UDot:	.word *+2
0066E7  1  B5 00        	LDA 0,X
0066E9  1  E8           	INX
0066EA  1  E8           	INX
0066EB  1  20 F7 66     	JSR print_udec
0066EE  1  A9 20 00     	lda #' '
0066F1  1  20 DC 65     	jsr EmitA
0066F4  1  4C 4E 67     	NEXT
0066F7  1               
0066F7  1               
0066F7  1               print_udec: ; subroutine: Print A as unsigned number
0066F7  1  5A           	phy		; save IP
0066F8  1                 ; Uses repeated division by BASE
0066F8  1  85 26        	sta W
0066FA  1  F4 00 00     	pea 0		; end-of-digits marker
0066FD  1               @div_loop:
0066FD  1               
0066FD  1               	; Simple 16-bit divide by BASE
0066FD  1  A9 00 00     	lda #0
006700  1  06 26        	asl W
006702  1  A0 10 00     	ldy #16
006705  1  2A           @div2:	rol a
006706  1  C5 00        	CMP U_Base
006708  1  90 02        	bcc @div5
00670A  1  E5 00        	sbc U_Base
00670C  1  26 26        @div5:	rol W
00670E  1  88           	dey
00670F  1  D0 F4        	bne @div2
006711  1               ; A= remainder (digit), W= quotient
006711  1               
006711  1  C9 0A 00     	CMP #10
006714  1  90 03        	bcc @dec7
006716  1  69 06 00     	adc #6 ;'A'-10-1
006719  1  69 30 00     @dec7:	ADC #'0'
00671C  1  48           	PHA		; push digit char onto HW stack
00671D  1               
00671D  1  A5 26        	LDA W		;  until done
00671F  1  D0 DC        	bne @div_loop
006721  1               
006721  1  80 03        	bra @print8	; Print digits from stack (they're in reverse order)
006723  1  20 DC 65     @print2: jsr EmitA
006726  1  68           @print8: pla
006727  1  D0 FA        	bne @print2
006729  1               
006729  1  7A           	ply		; restore IP
00672A  1  60           	rts
00672B  1               
00672B  1               
00672B  1  2E 01 E5 66   Header ".", 0 ; ( n -- ) print signed number
00672F  1                 ; https://forth-standard.org/standard/core/d
00672F  1  31 67        Dot:	.word *+2
006731  1  B5 00        	lda 0,x		; negative?
006733  1  10 0C        	bpl @4
006735  1  49 FF FF     	eor #$ffff	;   negate
006738  1  1A           	ina
006739  1  95 00        	sta 0,x
00673B  1  A9 2D 00     	lda #'-'	;   print minus
00673E  1  20 DC 65     	jsr EmitA
006741  1               @4:
006741  1  B5 00        	lda 0,x		; Print unsigned value
006743  1  E8           	inx
006744  1  E8           	inx
006745  1  20 F7 66     	jsr print_udec
006748  1  20 19 66     	jsr SpaceA	; Print trailing space
00674B  1  4C 4E 67     	NEXT
00674E  1               
00674E  1               
00674E  1               ;==============================================================================
00674E  1               ; SECTION 8: INNER INTERPRETER
00674E  1               
00674E  1               
00674E  1               Next1: ; INNER INTERPRETER
00674E  1               ; Register state on entry:
00674E  1               ;	Y = IP (points to next CFA cell in current word body)
00674E  1               ;	X = PSP
00674E  1               ;	A = undefined (will be clobbered)
00674E  1  B9 00 00     	LDA 0,Y		; A = *IP (fetch CFA of next word)
006751  1  C8           	INY		; IP += 2  (advance past this cell)
006752  1  C8           	INY
006753  1  85 26        NextA:	STA W		; W = CFA
006755  1  B2 26        	LDA (W)		; A = *W (fetch code pointer)
006757  1  8D 00 03     	STA TempAbsA
00675A  1  6C 00 03     	JMP (TempAbsA)	; Jump to code
00675D  1               
00675D  1               
00675D  1  45 78 65 63   Header "Execute",0 ; ( xt -- ) execute word by execution token
006761  1  75 74 65 07  
006765  1  2F 67        
006767  1                 ; https://forth-standard.org/standard/core/EXECUTE
006767  1  69 67        Execute: .word *+2	; CFA
006769  1  B5 00        	LDA 0,X		; pop xt
00676B  1  E8           	INX
00676C  1  E8           	INX
00676D  1  80 E4        	bra NextA
00676F  1               
00676F  1               
00676F  1               DoCol: ; Enter a colon ":" routine
00676F  1               ; On entry: W = CFA of the word being entered
00676F  1  5A           	phy		; push current IP onto return stack
006770  1  A4 26        	ldy W		; W = CFA of this word
006772  1  C8           	iny		; IP= 1st cell of body
006773  1  C8           	iny
006774  1  4C 4E 67     	NEXT		; Execute first body word
006777  1               
006777  1               
006777  1  45 78 69 74   Header "Exit",0 ; ( -- ) return from current colon routine
00677B  1  04 67 67     
00677E  1                 ; https://forth-standard.org/standard/core/EXIT
00677E  1  80 67        Exit:	.word *+2	; CFA
006780  1  7A           	ply		; Pop saved IP from return stack
006781  1  4C 4E 67     	NEXT
006784  1               
006784  1               
006784  1  42 72 61 6E   Header "Branch",0 ; ( -- ) unconditional branch (compiled word)
006788  1  63 68 06 7E  
00678C  1  67           
00678D  1                 ; The cell following BRANCH contains the absolute addr
00678D  1  8F 67        Branch: .word *+2	; CFA
00678F  1  B9 00 00     	LDA 0,Y		; Fetch branch addr at IP
006792  1  A8           	TAY		; IP = branch target (absolute)
006793  1  4C 4E 67     	NEXT
006796  1               
006796  1               
006796  1               ;----------------------------------------------
006796  1               ; f If xxx Then  \ if f is true then execute xxx
006796  1               ; f If xxx Else yyy Then  \ if f is true then execute xxx else execute yyy
006796  1               
006796  1  49 66 82 8D   Header "If",F_Immediate ; ( -- patch_addr ) Compile an If
00679A  1  67           
00679B  1  6F 67        If:	.word DoCol
00679D  1  6B 69 AB 67  	.word Lit,ZBranch,Comma	; compile ZBranch
0067A1  1  0F 69        
0067A3  1  F0 68        	.word Here		; remember patch addr
0067A5  1  F0 68 0F 69  	.word Here,Comma	; allot word
0067A9  1  7E 67        	.word Exit
0067AB  1               
0067AB  1               
0067AB  1               ; Header "0Branch",0 ; ( flag -- ) branch if flag is zero (compiled word)
0067AB  1  AD 67        ZBranch: .word *+2	; CFA
0067AD  1  B5 00        	LDA 0,X		; pop flag
0067AF  1  E8           	INX
0067B0  1  E8           	INX
0067B1  1  C9 00 00     	cmp #0
0067B4  1  F0 D9        	beq Branch+2
0067B6  1  C8           	INY		; Skip branch target cell
0067B7  1  C8           	INY
0067B8  1  4C 4E 67     	NEXT
0067BB  1               
0067BB  1               
0067BB  1  45 6C 73 65   Header "Else",F_Immediate ; ( patch_addr -- patch2_addr ) Compile "Else"
0067BF  1  84 9B 67     
0067C2  1  6F 67        Else:	.word DoCol
0067C4  1  6B 69 8D 67  	.word Lit,Branch,Comma	; compile jmp abs
0067C8  1  0F 69        
0067CA  1  F0 68        	.word Here		; remember patch2 addr
0067CC  1  F0 68 0F 69  	.word Here,Comma	; allot word
0067D0  1  78 60        	.word Swap
0067D2  1  8D 67 DF 67  	.word Branch,Then+2	; update jmp
0067D6  1               
0067D6  1               
0067D6  1  54 68 65 6E   Header "Then",F_Immediate ; ( patch_addr -- )  Compile "Then"
0067DA  1  84 C2 67     
0067DD  1  6F 67        Then:	.word DoCol
0067DF  1  F0 68        	.word Here		; patch branch around
0067E1  1  78 60 E4 64  	.word Swap,Store
0067E5  1  7E 67        	.word Exit
0067E7  1               
0067E7  1               
0067E7  1               ;---------------------------------------------
0067E7  1               ; BEGIN xxx AGAIN  \ infinite loop
0067E7  1               ; BEGIN xxx f UNTIL \ until f is true
0067E7  1               ; BEGIN xxx f WHILE yyy REPEAT \ while f is true
0067E7  1               ; see A.3.2.3 for more complex combinations
0067E7  1               
0067E7  1  42 65 67 69   Header "Begin",F_Immediate ; ( -- rev_addr )  Compile "Begin"
0067EB  1  6E 85 DD 67  
0067EF  1                 ; https://forth-standard.org/standard/core/BEGIN
0067EF  1  6F 67        Begin:	.word DoCol
0067F1  1  F0 68        	.word Here	; remember rev_addr
0067F3  1  7E 67        	.word Exit
0067F5  1               
0067F5  1               
0067F5  1  41 67 61 69   Header "Again",F_Immediate ; ( rev_addr -- )  Compile "Again"
0067F9  1  6E 85 EF 67  
0067FD  1                 ; https://forth-standard.org/standard/core/AGAIN
0067FD  1  6F 67        Again:	.word DoCol
0067FF  1  49 69        	.word JmpComma		; compile branch rev_addr
006801  1  7E 67        	.word Exit
006803  1               
006803  1               
006803  1  55 6E 74 69   Header "Until",F_Immediate ; ( rev_addr -- )  Compile "Until"
006807  1  6C 85 FD 67  
00680B  1                 ; http://forth-standard.org/standard/core/UNTIL
00680B  1  6F 67        Until:	.word DoCol
00680D  1  6B 69 AB 67  	.word Lit,ZBranch,Comma	; compile jsr DoIf
006811  1  0F 69        
006813  1  0F 69        	.word Comma
006815  1  7E 67        	.word Exit		; compile jmp rev_addr
006817  1               
006817  1               
006817  1  57 68 69 6C   Header "While",F_Immediate ; ( rev_addr -- rev_addr fwd_addr )  Compile "While"
00681B  1  65 85 0B 68  
00681F  1                 ; http://forth-standard.org/standard/core/WHILE
00681F  1  6F 67        While:	.word DoCol
006821  1  6B 69 AB 67  	.word Lit,ZBranch,Comma	; compile jsr @Run
006825  1  0F 69        
006827  1  F0 68        	.word Here		; remember fwd_addr
006829  1  F0 68 0F 69  	.word Here,Comma	; allot word
00682D  1  7E 67        	.word Exit
00682F  1               
00682F  1               
00682F  1  52 65 70 65   Header "Repeat",F_Immediate ; ( rev_addr fwd_addr -- )  Compile "Repeat"
006833  1  61 74 86 1F  
006837  1  68           
006838  1                 ; http://forth-standard.org/standard/core/REPEAT
006838  1  6F 67        Repeat:	.word DoCol
00683A  1  78 60        	.word Swap
00683C  1  49 69        	.word JmpComma		; compile jmp rev
00683E  1  F0 68 78 60  	.word Here,Swap,Store	; patch jmp fwd
006842  1  E4 64        
006844  1  7E 67        	.word Exit
006846  1               
006846  1               
006846  1               ;--------------------------------------------------
006846  1               ; single cell DO words
006846  1               ; Do xxx Loop  \ increment by 1
006846  1               ; Do xxx n +Loop  \ signed increment
006846  1               ; Do xxx u /Loop  \ unsigned increment
006846  1               ; See also: Bounds ?Do I Leave ?Leave Unloop
006846  1               
006846  1               
006846  1  44 6F 82 38   Header "Do",F_Immediate ; ( -- back_addr )  Compile a DO
00684A  1  68           
00684B  1                 ; https://forth-standard.org/standard/core/DO
00684B  1  6F 67        Do:	.word DoCol
00684D  1  6B 69 57 68  	.word Lit,@Run,Comma	; compile @Run
006851  1  0F 69        
006853  1  F0 68        	.word Here		; remember back_addr
006855  1  7E 67        	.word Exit
006857  1               
006857  1               
006857  1               @Run: ; ( limit index -- ) (R: -- limit index) runtime for DO
006857  1  59 68        	.word *+2
006859  1  B5 02        	LDA 2,X		; Push limit onto return stack
00685B  1  48           	PHA
00685C  1  B5 00        	LDA 0,X		; Push index onto return stack
00685E  1  48           	PHA
00685F  1  4C E2 60     	jmp TwoDrop+2
006862  1               
006862  1               
006862  1  4C 6F 6F 70   Header "Loop",F_Immediate ; ( back-addr -- )  Compile LOOP
006866  1  84 4B 68     
006869  1  6F 67        Loop:	.word DoCol
00686B  1  6B 69 75 68  	.word Lit,@Run,Comma	; compile @Run
00686F  1  0F 69        
006871  1  0F 69        	.word Comma		; compile jmp back addr
006873  1  7E 67        	.word Exit
006875  1               
006875  1               
006875  1               @Run: ; ( -- ) (R: limit index -- | limit index+1)  runtie for LOOP
006875  1  77 68        	.word *+2	; CFA
006877  1  68           	PLA		; index
006878  1  1A           	INC A		; index+1
006879  1  C3 01        	cmp 1,s		; limit == index+1?
00687B  1  F0 08        	beq @done	; Loop finished
00687D  1  48           	PHA		; Push new index back
00687E  1  B9 00 00     	lda a:0,y	; get branch target
006881  1  A8           	tay
006882  1  4C 4E 67     	NEXT
006885  1               
006885  1  68           @done:	pla		; Drop limit
006886  1  C8           	iny		; skip branch target
006887  1  C8           	iny
006888  1  4C 4E 67     	NEXT
00688B  1               
00688B  1               
00688B  1  2B 4C 6F 6F   Header "+Loop",F_Immediate ; ( back-addr -- )  Compile +Loop
00688F  1  70 85 69 68  
006893  1  6F 67        PlusLoop: .word DoCol
006895  1  6B 69 9F 68  	.word Lit,@Run,Comma	; compile @Run
006899  1  0F 69        
00689B  1  0F 69        	.word Comma		; compile jmp back addr
00689D  1  7E 67        	.word Exit
00689F  1               
00689F  1               
00689F  1               ; ( n -- ) (R: limit index -- | limit index+n)  runtime for +LOOP
00689F  1  A1 68        @Run:	.word *+2	; CFA
0068A1  1  B5 00        	lda 0,x		; pop n
0068A3  1  E8           	inx
0068A4  1  E8           	inx
0068A5  1  85 26        	sta W		; save a copy
0068A7  1  18           	clc		; add to index
0068A8  1  63 01        	adc 1,s
0068AA  1  83 01        	sta 1,s
0068AC  1  38           	sec		; compare to limit
0068AD  1  E3 03        	sbc 3,s
0068AF  1  C5 26        	cmp W		; compare with n
0068B1  1  6A           	ror a
0068B2  1  45 26        	eor W
0068B4  1  10 07        	bpl @Done
0068B6  1  B9 00 00     	lda a:0,y	; Branch back
0068B9  1  A8           	tay
0068BA  1  4C 4E 67     @9:	NEXT
0068BD  1               
0068BD  1  68           @Done:	pla		; RDrop index
0068BE  1  68           	pla		; RDrop limit
0068BF  1  C8           	iny		; skip branch addr
0068C0  1  C8           	iny
0068C1  1  80 F7        	bra @9
0068C3  1               
0068C3  1               
0068C3  1  55 6E 6C 6F   Header "Unloop",0 ; ( -- ) (R: limit index -- ) discard DO loop parameters
0068C7  1  6F 70 06 93  
0068CB  1  68           
0068CC  1                 ; https://forth-standard.org/standard/core/UNLOOP
0068CC  1  CE 68        Unloop: .word *+2	; CFA
0068CE  1  68           	PLA		; RDrop index
0068CF  1  68           	PLA		; RDrop limit
0068D0  1  4C 4E 67     	NEXT
0068D3  1               
0068D3  1               
0068D3  1  49 01 CC 68   Header "I",0 ; ( -- n ) (R: limit index -- limit index) copy loop index
0068D7  1                 ; https://forth-standard.org/standard/core/TwoRFetch
0068D7  1  D9 68        I:	.word *+2	; CFA
0068D9  1  A3 01          	lda 1,s		; index
0068DB  1  4C 5C 60     	jmp PushA
0068DE  1               
0068DE  1               
0068DE  1  4A 01 D7 68   Header "J",0 ; ( -- n ) ( R: 2limit 2index 1limit 1index ) copy 2nd loop index
0068E2  1                 ; https://forth-standard.org/standard/core/J
0068E2  1  E4 68        J:	.word *+2	; CFA
0068E4  1  A3 05        	lda 5,s		; 2nd index
0068E6  1  4C 5C 60     	jmp PushA
0068E9  1               
0068E9  1               ;==============================================================================
0068E9  1               ; SECTION 9: DICTIONARY
0068E9  1               
0068E9  1               
0068E9  1               ; Header "Unused",0 ; ( -- u )  return the space remaining in the region addressed by HERE
0068E9  1                 ; https://forth-standard.org/standard/core/UNUSED
0068E9  1               
0068E9  1               
0068E9  1  48 65 72 65   Header "Here",0 ; ( -- addr ) current dictionary pointer
0068ED  1  04 E2 68     
0068F0  1                 ; https://forth-standard.org/standard/core/HERE
0068F0  1  F2 68        Here:	.word *+2	; CFA
0068F2  1  A5 04        	lda U_DP	; Fetch DP
0068F4  1  4C 5C 60     	jmp PushA
0068F7  1               
0068F7  1               
0068F7  1               ; Header "Pad",0 ; ( -- c-addr )  Return transient region
0068F7  1                 ; https://forth-standard.org/standard/core/PAD
0068F7  1               
0068F7  1               
0068F7  1  41 6C 6C 6F   Header "Allot",0 ; ( n -- ) advance dictionary pointer by n bytes
0068FB  1  74 05 F0 68  
0068FF  1                 ; https://forth-standard.org/standard/core/ALLOT
0068FF  1  01 69        Allot:	.word *+2	; CFA
006901  1  B5 00        	lda 0,x		; get n
006903  1  18           	clc
006904  1  65 04        	adc U_DP	; DP += n
006906  1  85 04        	sta U_DP
006908  1  4C 6C 60     	jmp Drop+2	; Drop n, NEXT
00690B  1               
00690B  1               
00690B  1  2C 01 FF 68   Header ",",0 ; ( val -- ) compile cell into dictionary
00690F  1                 ; https://forth-standard.org/standard/core/Comma
00690F  1  11 69        Comma:	.word *+2	; CFA
006911  1  B5 00        	lda 0,x		; get val
006913  1  20 19 69     	jsr CommaA
006916  1  4C 6C 60     	jmp Drop+2	; Drop val, NEXT
006919  1               
006919  1               CommaA: ; subroutine; A=val to compile
006919  1  92 04        	sta (U_DP)	; store val
00691B  1  E6 04        	inc U_DP	; update DP
00691D  1  E6 04        CommaA3: inc U_DP
00691F  1  A9 00 00     	lda #0		; help debugging
006922  1  92 04        	sta (U_DP)
006924  1  60           	rts
006925  1               
006925  1               
006925  1  43 2C 02 0F   Header "C,",0 ; ( byte -- ) compile byte into dictionary
006929  1  69           
00692A  1                 ; https://forth-standard.org/standard/core/CComma
00692A  1  2C 69        CComma:	.word *+2	; CFA
00692C  1  B5 00        	lda 0,x		; get byte
00692E  1  20 34 69     	jsr CCommaA
006931  1  4C 6C 60     	jmp Drop+2	; Drop byte, NEXT
006934  1               
006934  1               CCommaA: ; subroutine: A=val to compile
006934  1  92 04        	sta (U_DP)	; save val
006936  1  80 E5        	bra CommaA3
006938  1               
006938  1               
006938  1  43 6F 6D 70   Header "Compile,",0 ; ( xt -- )  compile a call
00693C  1  69 6C 65 2C  
006940  1  08 2A 69     
006943  1                 ; https://forth-standard.org/standard/core/COMPILEComma
006943  1  6F 67        CompileComma: .word DoCol
006945  1  0F 69 7E 67  	.word Comma,Exit
006949  1               
006949  1               
006949  1               ; Header "Jmp,",0 ; ( xt -- )  compile a branch
006949  1  6F 67        JmpComma: .word DoCol
00694B  1  6B 69 8D 67  	.word Lit,Branch,Comma
00694F  1  0F 69        
006951  1  0F 69        	.word Comma
006953  1  7E 67        	.word Exit
006955  1               
006955  1               
006955  1  4C 69 74 65   Header "Literal",F_Immediate ; ( n -- )  Compile inline constant
006959  1  72 61 6C 87  
00695D  1  43 69        
00695F  1  6F 67        Literal: .word DoCol
006961  1  6B 69 6B 69  	.word Lit,Lit,CompileComma	; call Lit
006965  1  43 69        
006967  1  0F 69        	.word Comma			; compile n
006969  1  7E 67        	.word Exit
00696B  1               
00696B  1               
00696B  1               ; Header "Lit",0 ; ( -- n ) push inline literal (compiled word, not user-callable)
00696B  1  6D 69        Lit:	.word *+2	; CFA
00696D  1  B9 00 00     	lda a:0,y	; Fetch literal value at IP
006970  1  C8           	INY
006971  1  C8           	INY		; Advance IP past literal
006972  1  4C 5C 60     	jmp PushA	; Push literal
006975  1               
006975  1               
006975  1               ; Header "String,",0  ; ( caddr len -- ) compile string
006975  1  6F 67        StringComma: .word DoCol
006977  1  58 60 0F 69  	.word Dup,Comma			; compile length
00697B  1  F0 68 78 60  	.word Here,Swap,Dup,Allot,CMove	; compile chars
00697F  1  58 60 FF 68  
006983  1  4A 65        
006985  1  7E 67        	.word Exit
006987  1               
006987  1               
006987  1  48 65 61 64   Header "Header,",0 ; ( addr len cfa -- )  Compile a dictionary entry header
00698B  1  65 72 2C 07  
00698F  1  5F 69        
006991  1  93 69        HeaderComma: .word *+2
006993  1  5A           	phy		; save IP
006994  1               
006994  1  B4 02        	ldy 2,x		; compile name string
006996  1  5A           @name1:	phy
006997  1  A1 04        	lda (4,x)
006999  1  F6 04        	inc 4,x
00699B  1  20 34 69     	jsr CCommaA
00699E  1  7A           	ply
00699F  1  88           	dey
0069A0  1  D0 F4        	bne @name1
0069A2  1               
0069A2  1  B5 02        	lda 2,x		; compile flags & length
0069A4  1  20 34 69     	jsr CCommaA
0069A7  1               
0069A7  1  A5 06        	lda U_Latest	; compile link
0069A9  1  20 19 69     	jsr CommaA
0069AC  1               
0069AC  1  A5 04        	lda U_DP	; link into dictionary
0069AE  1  85 06        	sta U_Latest
0069B0  1               
0069B0  1  B5 00        	lda 0,x		; compile CFA
0069B2  1  20 19 69     	jsr CommaA
0069B5  1               
0069B5  1  7A           	ply		; restore IP
0069B6  1  4C E8 60     	jmp ThreeDrop+2	; drop cfa len addr, NEXT
0069B9  1               
0069B9  1               
0069B9  1  4E 61 6D 65   Header "Name>String",0 ; ( nt -- c-addr u )  Given a name token, return name as a string
0069BD  1  3E 53 74 72  
0069C1  1  69 6E 67 0B  
0069C5  1  91 69        
0069C7  1                 ; https://forth-standard.org/standard/tools/NAMEtoSTRING
0069C7  1  C9 69        NameToString: .word *+2	; pop nt (which is the same as xt )
0069C9  1  5A           	phy		; save IP
0069CA  1  B4 00        	ldy 0,x		; Y= nt
0069CC  1  88           	dey
0069CD  1  88           	dey
0069CE  1  88           	dey
0069CF  1  B9 00 00     	lda a:0,y	; get flags & length
0069D2  1  29 1F 00     	and #F_LengthMask
0069D5  1  48           	pha		; save length
0069D6  1  98           	tya		; calc name start addr
0069D7  1  38           	sec
0069D8  1  E3 01        	sbc 1,s
0069DA  1  95 00        	sta 0,x		; save c-addr
0069DC  1  68           	pla		; get length back
0069DD  1  7A           	ply		; restore IP
0069DE  1  4C 5C 60     	jmp PushA
0069E1  1               
0069E1  1               
0069E1  1  57 6F 72 64   Header "Words",0 ; ( -- )  Walk dictionary and print names
0069E5  1  73 05 C7 69  
0069E9  1                ; https://forth-standard.org/standard/tools/WORDS
0069E9  1  6F 67        Words:	.word DoCol
0069EB  1  62 6C D7 64  	.word Latest,Fetch		; for each word
0069EF  1  58 60 AB 67  @wloop:	.word Dup,ZBranch,@wdone
0069F3  1  09 6A        
0069F5  1               
0069F5  1  11 66        	.word Space
0069F7  1  58 60        	.word Dup			;   print name
0069F9  1  C7 69        	.word NameToString
0069FB  1  3C 66        	.word Type
0069FD  1               
0069FD  1  6B 69 FE FF  	.word Lit,.loword(-2),Plus,Fetch ;  next
006A01  1  BA 61 D7 64  
006A05  1  8D 67 EF 69  	.word Branch,@wloop
006A09  1               
006A09  1  6A 60        @wdone:	.word Drop
006A0B  1  F6 65        	.word CR
006A0D  1  7E 67        	.word Exit
006A0F  1               
006A0F  1               
006A0F  1  53 65 61 72   Header "Search-WordList",0 ; ( caddr u wid -- 0 | xt 1 | xt -1)  "Search for a word in a wordlist"
006A13  1  63 68 2D 57  
006A17  1  6F 72 64 4C  
006A1B  1  69 73 74 0F  
006A1F  1  E9 69        
006A21  1                 ; https://forth-standard.org/standard/search/SEARCH_WORDLIST
006A21  1                 ; Find the definition named in the string.
006A21  1                 ; If the definition is not found, return zero.
006A21  1                 ; If the definition is found, return its execution token xt.
006A21  1                 ; If the definition is immediate, also return one (1), otherwise also return minus-one (-1).
006A21  1  23 6A        Search_WordList: .word *+2
006A23  1               @HdrPtr	= Temp0  ; ptr to current word Header (-@Off)
006A23  1               @Quick	= Temp2  ; pattern last char & length
006A23  1               @StartY = Temp4  ; char compare start offset
006A23  1               @PatPtr = Temp6  ; ptr to pattern addr
006A23  1               @Off = $83 ; Chosen so 8-bit Y turns negative as we step off the end of the name chars.
006A23  1               		; @Off is used because the 65816 doesn't do negative indexes.
006A23  1  5A           	phy		; save IP
006A24  1               
006A24  1  A9 7F 00     	lda #@Off-3-1	; char compare start offset
006A27  1  38           	sec
006A28  1  F5 02        	sbc 2,x
006A2A  1  85 2C        	sta @StartY
006A2C  1               
006A2C  1  B5 04        	lda 4,x		; ptr to pattern
006A2E  1  18           	clc
006A2F  1  E5 2C        	sbc @StartY
006A31  1  85 2E        	sta @PatPtr
006A33  1               
006A33  1  E2 20        	sep #P_M	; build @Quick
006A35  1  B5 02        	lda 2,x		;   get pattern length
006A37  1  EB           	xba		;     in hi byte
006A38  1  A0 7F 00     	ldy #@Off-4	; get pattern last char
006A3B  1  B1 2E        	lda (@PatPtr),y
006A3D  1  C2 20        	rep #P_M
006A3F  1  85 2A        	sta @Quick
006A41  1               
006A41  1  B5 00        	lda 0,x		; A= wid (wordlist head pointer)
006A43  1  80 07        	bra @WCur
006A45  1               
006A45  1  C2 30        @WNxt:	rep #P_M|P_X
006A47  1  A4 28        	ldy @HdrPtr
006A49  1  B9 81 00     @WNxtY:	lda a:@Off-2,y		;follow link to next header
006A4C  1  F0 4A        @WCur:	beq @nfnd
006A4E  1  38           	sec
006A4F  1  E9 83 00     	sbc #@Off
006A52  1  A8           	tay
006A53  1  B9 7F 00     	lda a:@Off-4,y		;check length & part of last char
006A56  1  45 2A        	eor @Quick
006A58  1  29 DF 5F     	and #F_LengthMask<<8+F_Hidden<<8+$df
006A5B  1  D0 EC        	bne @WNxtY
006A5D  1               
006A5D  1  84 28        	sty @HdrPtr
006A5F  1  E2 30        	sep #P_M|P_X
006A61  1  A4 2C        	ldy @StartY
006A63  1  C8           @NNxt:	iny
006A64  1  30 17        	bmi @fnd
006A66  1  B1 28        	lda (@HdrPtr),y
006A68  1  51 2E        	eor (@PatPtr),y
006A6A  1  F0 F7        	beq @NNxt
006A6C  1  29 DF        	and #$df
006A6E  1  D0 D5        	bne @WNxt
006A70  1  B1 28        	lda (@HdrPtr),y
006A72  1  29 DF        	and #$df
006A74  1  38           	sec
006A75  1  E9 41        	sbc #'A'
006A77  1  C9 1A        	cmp #'Z'-'A'+1
006A79  1  90 E8        	bcc @NNxt
006A7B  1  80 C8        	bra @WNxt
006A7D  1               
006A7D  1               @fnd:			;found the word
006A7D  1  C2 30        	rep #P_M|P_X
006A7F  1  A0 7F 00     	ldy #@Off-3-1	; set flag
006A82  1  B1 28        	lda (@HdrPtr),y
006A84  1  09 FF 7F     	ora #$7fff
006A87  1  30 03        	bmi @fnd2
006A89  1  A9 01 00     	lda #1
006A8C  1  95 02        @fnd2:	sta 2,x
006A8E  1  A5 28        	lda @HdrPtr	; set xt
006A90  1  18           	clc
006A91  1  69 83 00     	adc #@Off
006A94  1  95 04        	sta 4,x
006A96  1  80 04        	bra @99
006A98  1               
006A98  1               @nfnd:			;word not found
006A98  1  74 04        	stz 4,x		; set flag
006A9A  1  E8           	inx		; drop len
006A9B  1  E8           	inx
006A9C  1  E8           @99:	inx		; drop wid
006A9D  1  E8           	inx
006A9E  1  7A           	ply
006A9F  1  4C 4E 67     	NEXT
006AA2  1               
006AA2  1               
006AA2  1  27 01 21 6A   Header "'",0 ; ( "name" -- xt )  find a word
006AA6  1  6F 67        Tick:	.word DoCol
006AA8  1  C5 6D        	.word Parse_Name
006AAA  1  62 6C D7 64  	.word Latest,Fetch
006AAE  1  21 6A        	.word Search_WordList
006AB0  1  AB 67 B6 6A  	.word ZBranch,@NotFound
006AB4  1  7E 67        	.word Exit
006AB6  1               
006AB6  1               @NotFound:
006AB6  1  78 6E        	.word Abort
006AB8  1               
006AB8  1               
006AB8  1  43 6F 6E 73   Header "Constant",0 ; ( "name" n -- )
006ABC  1  74 61 6E 74  
006AC0  1  08 A6 6A     
006AC3  1                 ; https://forth-standard.org/standard/core/CONSTANT
006AC3  1  6F 67        Constant: .word DoCol
006AC5  1  C5 6D        	.word Parse_Name
006AC7  1  6B 69 D1 6A  	.word Lit,@DoCon,HeaderComma
006ACB  1  91 69        
006ACD  1  0F 69        	.word Comma		; stores value
006ACF  1  7E 67        	.word Exit
006AD1  1               
006AD1  1               
006AD1  1               @DoCon: ; Pushes the value stored in the body (CFA+2) onto parameter stack.
006AD1  1  5A           	phy		; save IP
006AD2  1  A4 26        	ldy W		; CFA
006AD4  1  B9 02 00     	lda 2,y		; Fetch constant value
006AD7  1  7A           	ply		; restore IP
006AD8  1  4C 5C 60     	jmp PushA	; Push value
006ADB  1               
006ADB  1               
006ADB  1  56 61 72 69   Header "Variable",0 ; ( "name" -- )
006ADF  1  61 62 6C 65  
006AE3  1  08 C3 6A     
006AE6  1                 ; https://forth-standard.org/standard/core/VARIABLE
006AE6  1  6F 67        Variable: .word DoCol
006AE8  1  F9 6A        	.word Create
006AEA  1  49 60 0F 69  	.word Zero,Comma	; allots data cell
006AEE  1  7E 67        	.word Exit
006AF0  1               
006AF0  1               
006AF0  1               ; Header "Smudge",0 ; ( -- )
006AF0  1               
006AF0  1               
006AF0  1               ; Header "Immediate",F_Immediate ; ( -- )  Mark latest word as immediate
006AF0  1                 ; https://forth-standard.org/standard/core/IMMEDIATE
006AF0  1               
006AF0  1               
006AF0  1  43 72 65 61   Header "Create",0 ; ( "name" -- )
006AF4  1  74 65 06 E6  
006AF8  1  6A           
006AF9  1                 ; https://forth-standard.org/standard/core/CREATE
006AF9  1  6F 67        Create: .word DoCol
006AFB  1  C5 6D        	.word Parse_Name
006AFD  1  6B 69 05 6B  	.word Lit,@DoVar,HeaderComma
006B01  1  91 69        
006B03  1  7E 67        	.word Exit
006B05  1               
006B05  1               
006B05  1               @DoVar: ; Pushes the address of the word body onto parameter stack.
006B05  1  A5 26        	LDA W		; CFA
006B07  1  1A           	ina		; Address of body
006B08  1  1A           	ina
006B09  1  4C 5C 60     	jmp PushA	; Push onto parameter stack
006B0C  1               
006B0C  1               
006B0C  1  44 6F 65 73   Header "Does>", F_Immediate ;
006B10  1  3E 85 F9 6A  
006B14  1                 ; https://forth-standard.org/standard/core/DOES
006B14  1                 ; Example:
006B14  1                 ;	: abc Create , Does> @ . ;
006B14  1                 ;	22 abc def
006B14  1  6F 67        Does:	.word DoCol
006B16  1  6B 69 2A 6B  	.word Lit,@Patch,Comma	; compile call @Patch
006B1A  1  0F 69        
006B1C  1               
006B1C  1               		; start compiling CFA code
006B1C  1  6B 69 20 00  	.word Lit,$20,CComma,Lit,@DoDoes,Comma	; compile jsr @DoDoes
006B20  1  2A 69 6B 69  
006B24  1  33 6B 0F 69  
006B28  1  7E 67        	.word Exit	; exit Does> (continue compiling abc)
006B2A  1               
006B2A  1  2C 6B        @Patch: .word *+2
006B2C  1  98           	tya		; get IP (ptr to CFA code in abc)
006B2D  1  92 06        	sta (U_Latest)	; patch CFA of def
006B2F  1  7A           	ply		; pop IP (exit from abc)
006B30  1  4C 4E 67     	NEXT
006B33  1               
006B33  1               @DoDoes:
006B33  1  68           	pla		; pop start of new colon code after Does> in abc
006B34  1  1A           	ina
006B35  1  5A           	phy		; save old IP
006B36  1  A8           	tay		; set new IP
006B37  1  A5 26        	lda W		; get word ptr
006B39  1  1A           	ina		; advance to body of def
006B3A  1  1A           	ina
006B3B  1  CA           	dex		; push addr of body of def
006B3C  1  CA           	dex
006B3D  1  95 00        	sta 0,x
006B3F  1  4C 4E 67     	NEXT
006B42  1               
006B42  1               
006B42  1  2E 22 82 14   Header '."',F_Immediate ; ( string" -- )  Type a string literal
006B46  1  6B           
006B47  1                 ; https://forth-standard.org/standard/core/Dotq
006B47  1  6F 67        DotQuote: .word DoCol
006B49  1  6B 69 22 00  	.word Lit,'"',Parse		; get string
006B4D  1  7E 6D        
006B4F  1  79 6C D7 64  	.word State,Fetch,ZBranch,@interp	; if compiling
006B53  1  AB 67 61 6B  
006B57  1               
006B57  1  6B 69 65 6B  	.word Lit,DotQuoteRun,CompileComma
006B5B  1  43 69        
006B5D  1  75 69        	.word StringComma
006B5F  1  7E 67        	.word Exit
006B61  1               
006B61  1  3C 66        @interp: .word Type
006B63  1  7E 67        	.word Exit
006B65  1               
006B65  1               DotQuoteRun:
006B65  1  6F 67        	.word DoCol ; runtime
006B67  1  6D 6B        	.word @GetInlineString
006B69  1  3C 66        	.word Type
006B6B  1  7E 67        	.word Exit
006B6D  1               
006B6D  1  6F 6B        @GetInlineString: .word *+2 ; ( -- caddr len )
006B6F  1  5A           	phy		; save IP
006B70  1  A3 03        	lda 3,s		; get caller's caller's IP
006B72  1  A8           	tay
006B73  1  B9 00 00     	lda a:0,y	; get length
006B76  1  C8           	iny		; skip over length
006B77  1  C8           	iny
006B78  1  CA           	dex		; push caddr
006B79  1  CA           	dex
006B7A  1  94 00        	sty 0,x
006B7C  1  CA           	dex		; push len
006B7D  1  CA           	dex
006B7E  1  95 00        	sta 0,x
006B80  1  18           	clc		; skip over chars
006B81  1  75 02        	adc 2,x
006B83  1  83 03        	sta 3,s
006B85  1  7A           	ply		; restore IP
006B86  1  4C 4E 67     	NEXT
006B89  1               
006B89  1  53 22 82 47   Header 'S"',F_Immediate ; ( -- caddr len )  create a string literal
006B8D  1  6B           
006B8E  1                 ; https://forth-standard.org/standard/core/Sq
006B8E  1  6F 67        SQuote: .word DoCol
006B90  1  6B 69 22 00  	.word Lit,'"',Parse		; get string
006B94  1  7E 6D        
006B96  1  79 6C D7 64  	.word State,Fetch,ZBranch,@interp	; if compiling
006B9A  1  AB 67 A8 6B  
006B9E  1               
006B9E  1  6B 69 C0 6B  	.word Lit,GetInlineString,CompileComma
006BA2  1  43 69        
006BA4  1  75 69        	.word StringComma
006BA6  1  7E 67        	.word Exit
006BA8  1               
006BA8  1  58 60 6F 61  @interp: .word Dup,ToR		; save length
006BAC  1  F0 68 6F 61  	.word Here,ToR		; save addr
006BB0  1  F0 68 78 60  	.word Here,Swap,Dup,Allot,CMove	; copy string
006BB4  1  58 60 FF 68  
006BB8  1  4A 65        
006BBA  1  8F 61 8F 61  	.word RFrom,RFrom	; stack caddr & len
006BBE  1  7E 67        	.word Exit
006BC0  1               
006BC0  1  C2 6B        GetInlineString: .word *+2 ; ( -- caddr len )
006BC2  1  B9 00 00     	lda a:0,y	; get length
006BC5  1  C8           	iny		; skip over length
006BC6  1  C8           	iny
006BC7  1  CA           	dex		; push caddr
006BC8  1  CA           	dex
006BC9  1  94 00        	sty 0,x
006BCB  1  CA           	dex		; push len
006BCC  1  CA           	dex
006BCD  1  95 00        	sta 0,x
006BCF  1  18           	clc		; skip over chars
006BD0  1  75 02        	adc 2,x
006BD2  1  A8           	tay
006BD3  1  4C 4E 67     	NEXT
006BD6  1               
006BD6  1               
006BD6  1  4D 75 73 74   Header "MustBeCompiling",0 ; ( -- ) make sure we're compiling
006BDA  1  42 65 43 6F  
006BDE  1  6D 70 69 6C  
006BE2  1  69 6E 67 0F  
006BE6  1  8E 6B        
006BE8  1  6F 67        MustBeCompiling: .word DoCol
006BEA  1  79 6C D7 64  	.word State,Fetch,ZeroEq,ZBranch,@9
006BEE  1  E3 63 AB 67  
006BF2  1  F6 6B        
006BF4  1  78 6E        	.word Abort
006BF6  1  7E 67        @9:	.word Exit
006BF8  1               
006BF8  1               
006BF8  1  41 62 6F 72   Header 'Abort"', F_Immediate ; If f is true, print string & abort
006BFC  1  74 22 86 E8  
006C00  1  6B           
006C01  1                 ;  abort-quote  https://forth-standard.org/standard/core/ABORTq
006C01  1  6F 67        AbortQ: .word DoCol
006C03  1  6B 69 22 00  	.word Lit,'"',Parse
006C07  1  7E 6D        
006C09  1  E8 6B        	.word MustBeCompiling
006C0B  1  6B 69 15 6C  	.word Lit,AbortQRun,CompileComma
006C0F  1  43 69        
006C11  1  75 69        	.word StringComma
006C13  1  7E 67        	.word Exit
006C15  1               
006C15  1  17 6C        AbortQRun: .word *+2 ; ( f -- ) runtime code ------
006C17  1  B5 00        	lda 0,x		; get f
006C19  1  D0 0D        	bne @Abort
006C1B  1  E8           	inx		; Drop f
006C1C  1  E8           	inx
006C1D  1  98           	tya		; skip string
006C1E  1  18           	clc
006C1F  1  79 00 00     	adc a:0,y
006C22  1  A8           	tay
006C23  1  C8           	iny		; skip length
006C24  1  C8           	iny
006C25  1  4C 4E 67     	NEXT
006C28  1               
006C28  1  B9 00 00     @Abort:	lda a:0,y	; get string length
006C2B  1  C8           	iny		; get string addr
006C2C  1  C8           	iny
006C2D  1  CA           	dex		; push strin addr
006C2E  1  CA           	dex
006C2F  1  94 00        	sty 0,x
006C31  1  CA           	dex		; push string length
006C32  1  CA           	dex
006C33  1  95 00        	sta 0,x
006C35  1  A9 3B 6C     	lda #@Show
006C38  1  4C 53 67     	jmp NextA
006C3B  1               
006C3B  1  6F 67        @Show:	.word DoCol
006C3D  1  3C 66        	.word Type
006C3F  1  78 6E        	.word Abort
006C41  1               
006C41  1               ;==============================================================================
006C41  1               ; SECTION 10: USER AREA ACCESSORS
006C41  1               
006C41  1  55 73 65 72   Header "User0",0 ; ( -- addr )  Return addr of user area
006C45  1  30 05 01 6C  
006C49  1  7B           User0:	tdc
006C4A  1  4C 5C 60     	jmp PushA
006C4D  1               
006C4D  1               
006C4D  1               DoUser: ; ( -- adr ) push user variable address
006C4D  1  5A           	phy		; save IP
006C4E  1  A4 26        	ldy W
006C50  1  7B           	tdc		; get user area base
006C51  1  18           	clc		; add offset
006C52  1  79 02 00     	adc a:2,y
006C55  1  7A           	ply		; restore IP
006C56  1  4C 5C 60     	jmp PushA	; Push A, NEXT
006C59  1               
006C59  1  4C 61 74 65   Header "Latest",0 ; ( -- addr ) address of LATEST variable in user area
006C5D  1  73 74 06 49  
006C61  1  6C           
006C62  1  4D 6C        Latest:	.word DoUser	; CFA
006C64  1  06 00        	.word U_Latest
006C66  1               
006C66  1  42 61 73 65   Header "Base",0 ; ( -- addr ) address of BASE variable
006C6A  1  04 62 6C     
006C6D  1  4D 6C        Base:	.word DoUser	; CFA
006C6F  1  00 00        	.word U_Base
006C71  1               
006C71  1  53 74 61 74   Header "State",0 ; ( -- addr ) address of STATE variable
006C75  1  65 05 6D 6C  
006C79  1  4D 6C        State:	.word DoUser	; CFA
006C7B  1  02 00        	.word U_State
006C7D  1               
006C7D  1  3E 49 6E 03   Header ">In",0 ; ( -- addr ) address of >IN variable
006C81  1  79 6C        
006C83  1  4D 6C        ToIn:	.word DoUser	; CFA
006C85  1  0C 00        	.word U_ToIn
006C87  1               
006C87  1  48 6F 6C 64   Header "HoldPtr",0 ; ( -- addr )  address of HoldPtr
006C8B  1  50 74 72 07  
006C8F  1  83 6C        
006C91  1  4D 6C        HoldPtr: .word DoUser
006C93  1  0E 00        	.word U_HoldPtr
006C95  1               
006C95  1  50 61 72 73   Header "ParseLen",0 ; ( -- adr ) Push source length
006C99  1  65 4C 65 6E  
006C9D  1  08 91 6C     
006CA0  1  4D 6C        ParseLen: .word DoUser
006CA2  1  0A 00        	.word U_ParseLen
006CA4  1               
006CA4  1               ; Header "ParseBuf",0 ; ( -- adr ) Push source addr
006CA4  1  4D 6C        ParseBuf: .word DoUser
006CA6  1  08 00        	.word U_ParseBuf
006CA8  1               
006CA8  1  52 61 6E 64   Header "RandState",0 ; ( -- adr )
006CAC  1  53 74 61 74  
006CB0  1  65 09 A0 6C  
006CB4  1  4D 6C        	.word DoUser
006CB6  1  10 00        	.word U_RandState
006CB8  1               
006CB8  1  54 65 6D 70   Header "Temp0",0 ; ( -- adr ) Push addr of Temp0
006CBC  1  30 05 B4 6C  
006CC0  1  4D 6C        	.word DoUser
006CC2  1  28 00        	.word Temp0
006CC4  1               
006CC4  1  53 6F 75 72   Header "Source",0 ; ( -- addr len ) current input source
006CC8  1  63 65 06 C0  
006CCC  1  6C           
006CCD  1  CF 6C        Source:	.word *+2	; CFA
006CCF  1  A5 08        	lda U_ParseBuf	; push source addr
006CD1  1  CA           	dex
006CD2  1  CA           	dex
006CD3  1  95 00        	sta 0,x
006CD5  1  A5 0A        	lda U_ParseLen	; push source length
006CD7  1  4C 5C 60     	jmp PushA
006CDA  1               
006CDA  1               
006CDA  1  44 65 63 69   Header "Decimal",0 ; ( -- )  set base to 10
006CDE  1  6D 61 6C 07  
006CE2  1  CD 6C        
006CE4  1                 ; https://forth-standard.org/standard/core/DECIMAL
006CE4  1  E6 6C        Decimal: .word *+2
006CE6  1  A9 0A 00     	lda #10		; User area: BASE = 10
006CE9  1  85 00        Decim3:	sta U_Base
006CEB  1  4C 4E 67     	NEXT
006CEE  1               
006CEE  1  48 65 78 03   Header "Hex",0 ; ( -- )  set base to 16
006CF2  1  E4 6C        
006CF4  1                 ; https://forth-standard.org/standard/core/HEX
006CF4  1  F6 6C        Hex:	.word *+2
006CF6  1  A9 10 00     	lda #$10	; User area: BASE = 16
006CF9  1  80 EE        	bra Decim3
006CFB  1               
006CFB  1               ;==============================================================================
006CFB  1               ; SECTION 11: STRING AND PARSE
006CFB  1               
006CFB  1               
006CFB  1               ; Header "Bl",0 ; ( -- n ) ASCII value of space (blank)
006CFB  1               
006CFB  1               
006CFB  1  43 6F 75 6E   Header "Count",0 ; ( addr -- addr+1 len ) counted string to addr/len
006CFF  1  74 05 F4 6C  
006D03  1                 ; https://forth-standard.org/standard/core/COUNT
006D03  1  05 6D        Count:	.word *+2	; CFA
006D05  1  A1 00        	lda (0,x)	; get length byte
006D07  1  29 FF 00     	and #$ff
006D0A  1  F6 00        	inc 0,x
006D0C  1  4C 5C 60     	jmp PushA
006D0F  1               
006D0F  1               
006D0F  1  43 6F 6D 70   Header "Compare",0 ; ( c-addr1 u1 c-addr2 u2 -- n )  Compare 2 strings
006D13  1  61 72 65 07  
006D17  1  03 6D        
006D19  1                 ; https://forth-standard.org/standard/string/COMPARE
006D19  1  1B 6D        Compare: .word *+2	; CFA
006D1B  1               @adr2	= Temp0	; addr   of string2
006D1B  1               @adr1	= Temp2	; addr   of string1
006D1B  1               @Len	= Temp4	; length of string2
006D1B  1  B5 02        	lda 2,x			; get c-addr2
006D1D  1  85 28        	sta @adr2
006D1F  1  B5 06        	lda 6,x			; get c-addr1
006D21  1  85 2A        	sta @adr1
006D23  1  B5 04        	lda 4,x			; get min(u1,u2)
006D25  1  D5 00        	cmp 0,x
006D27  1  90 02        	bcc @1
006D29  1  B5 00        	lda 0,x
006D2B  1  85 2C        @1:	sta @Len
006D2D  1  5A           	phy			; save IP
006D2E  1  E2 20        	sep #P_M
006D30  1  A0 FF FF     	ldy #.loword(-1)	; for each char
006D33  1  C8           @2:	iny
006D34  1  C4 2C        	cpy @Len		;   out of chars?
006D36  1  B0 0A        	bcs @Out
006D38  1  B1 2A        	lda (@adr1),y		;   compare char
006D3A  1  D1 28        	cmp (@adr2),y
006D3C  1  F0 F5        	beq @2
006D3E  1  2A           @6:	rol a			; b1,b0 = carry, 0
006D3F  1  0A           	asl a
006D40  1  80 0B        	bra @8
006D42  1               
006D42  1  C2 20        @Out:	rep #P_M
006D44  1  B5 00        	lda 0,x
006D46  1  D5 04        	cmp 4,x			; which string is used up?
006D48  1  D0 F4        	bne @6
006D4A  1  A9 01 00     	lda #1			; return equal
006D4D  1  C2 20        @8:	rep #P_M
006D4F  1  29 03 00     	and #3
006D52  1  3A           	dea
006D53  1  95 06        	sta 6,x			; push n
006D55  1  7A           	ply			; restore IP
006D56  1  4C E8 60     	jmp ThreeDrop+2
006D59  1               
006D59  1               
006D59  1                .if 0
006D59  1                Header "Bounds",0 ; ( addr u -- addr+u addr ) Prepare address for looping
006D59  1                 ; http://www.complang.tuwien.ac.at/forth/gforth/Docs-html/Memory-Blocks.html
006D59  1               Bounds:	lda 0,x
006D59  1               	ldy 2,x
006D59  1               	clc
006D59  1               	adc 2,x
006D59  1               	sta 2,x
006D59  1               	sty 0,x
006D59  1               	rts
006D59  1                 .endif
006D59  1               
006D59  1               
006D59  1               ; Header "-Trailing",0 ; ( addr n1 -- addr n2 )  trim trailing spaces
006D59  1               
006D59  1               ; Header "Upper",0 ; ( addr len -- )  Convert chars to uppercase
006D59  1               
006D59  1  28 81 19 6D   Header "(",F_Immediate ; (  ccc(paren)  -- )  Comment
006D5D  1                 ; https://forth-standard.org/standard/file/p
006D5D  1                 ; http://forth-standard.org/standard/core/p
006D5D  1  6F 67        Comment: .word DoCol
006D5F  1  6B 69 29 00  	.word Lit,')',Parse,TwoDrop,Exit
006D63  1  7E 6D E0 60  
006D67  1  7E 67        
006D69  1               
006D69  1               
006D69  1  5C 81 5D 6D   Header "\",F_Immediate ; ( -- )  Eat remainder of parse line as a comment
006D6D  1                 ; https://forth-standard.org/standard/core/bs
006D6D  1  6F 6D        BSlash:	.word *+2
006D6F  1  A5 0A        	lda U_ParseLen
006D71  1  85 0C        	sta U_ToIn
006D73  1  4C 4E 67     	NEXT
006D76  1               
006D76  1               
006D76  1  50 61 72 73   Header "Parse",0 ; ( "name" c -- addr u )  "Parse input with delimiter character"
006D7A  1  65 05 6D 6D  
006D7E  1                 ; https://forth-standard.org/standard/core/PARSE
006D7E  1                 ; Find word in input string delimited by character given. Do not skip leading delimiters
006D7E  1                 ; -- this is the main difference to PARSE-NAME.
006D7E  1                 ; ANSI discussion: http://www.forth200x.org/documents/html3/rationale.html#rat:core:PARSE
006D7E  1  80 6D        Parse:	.word *+2	; CFA
006D80  1  CA           	dex			; alloc 2nd parm cell
006D81  1  CA           	dex
006D82  1  5A           	phy			; save IP
006D83  1  E2 20        	sep #P_M
006D85  1               
006D85  1  A4 0C        	ldy U_ToIn
006D87  1  5A           	phy			;save start index
006D88  1               
006D88  1  88           	dey			;span word
006D89  1  B5 02        @22:	lda 2,x			; load delimiter
006D8B  1  C8           @21:	iny			;  step to next char
006D8C  1  C4 0A        	cpy U_ParseLen		;  at end-of-string?
006D8E  1  B0 14        	bcs @28
006D90  1  D1 08        	cmp (U_ParseBuf),y		;  delimiter?
006D92  1  F0 0A        	beq @Found
006D94  1  C9 20        	cmp #' '		; we're searching for whitespace?
006D96  1  D0 F3        	bne @21
006D98  1  B1 08        	lda (U_ParseBuf),y		; is it whitespace?
006D9A  1  C9 20        	cmp #' '
006D9C  1  B0 EB        	bcs @22
006D9E  1               
006D9E  1  C8           @Found:	iny			;  skip delimiter
006D9F  1  84 0C        	sty U_ToIn
006DA1  1  88           	dey
006DA2  1  80 02        	bra @29
006DA4  1  84 0C        @28:	sty U_ToIn
006DA6  1               @29:
006DA6  1  C2 20        	rep #P_M
006DA8  1               
006DA8  1  98           	tya		; calc length
006DA9  1  38           	sec
006DAA  1  E3 01        	sbc 1,s
006DAC  1  95 00        	sta 0,x
006DAE  1               
006DAE  1  68           	pla		; calc start addr
006DAF  1  18           	clc
006DB0  1  65 08        	adc U_ParseBuf
006DB2  1  95 02        	sta 2,x
006DB4  1               
006DB4  1  7A           	ply		; restore IP
006DB5  1  4C 4E 67     	NEXT
006DB8  1               
006DB8  1               
006DB8  1  50 61 72 73   Header "Parse-Name",0 ; (  (spaces)name(space)  -- c-addr u )  Skip leading spaces. Parse space delimited name.
006DBC  1  65 2D 4E 61  
006DC0  1  6D 65 0A 7E  
006DC4  1  6D           
006DC5  1                 ; https://forth-standard.org/standard/core/PARSE-NAME
006DC5  1                 ; c-addr is the address of the selected string within the input buffer and u is its length in
006DC5  1                 ; characters. If the parse area is empty or contains only white space, the resulting string
006DC5  1                 ; has length zero.
006DC5  1  6F 67        Parse_Name: .word DoCol
006DC7  1  D3 6D        	.word SkipWhite		;skip leading whitespace
006DC9  1  6B 69 20 00  	.word Lit,' ',Parse	;get the name
006DCD  1  7E 6D        
006DCF  1  D3 6D        	.word SkipWhite		;skip trailing whitespace
006DD1  1  7E 67        	.word Exit
006DD3  1               
006DD3  1               
006DD3  1               ; Header "SkipWhite",0 ; ( -- ) skip whitespace on source
006DD3  1  D5 6D        SkipWhite: .word *+2
006DD5  1  5A           	phy
006DD6  1  E2 20        	sep #P_M
006DD8  1  A4 0C        	ldy U_ToIn
006DDA  1  88           	dey
006DDB  1  C8           @11:	iny
006DDC  1  C4 0A        	cpy U_ParseLen
006DDE  1  B0 06        	bcs @19
006DE0  1  B1 08        	lda (U_ParseBuf),y
006DE2  1  C9 21        	cmp #' '+1
006DE4  1  90 F5        	bcc @11
006DE6  1  84 0C        @19:	sty U_ToIn
006DE8  1  C2 20        	rep #P_M
006DEA  1  7A           	ply
006DEB  1  4C 4E 67     	NEXT
006DEE  1               
006DEE  1               
006DEE  1  4E 75 6D 62   Header "Number",0 ; ( adr len -- 0 ) or ( adr len -- n -1 ) or ( adr len -- d -2 ) or ( adr len -- fp -3 )
006DF2  1  65 72 06 C5  
006DF6  1  6D           
006DF7  1                 ; Converts the text beginning at adr for len, with regard to Base, to a binary
006DF7  1                 ; value that is single-length if no valid punctuation occurs, and
006DF7  1                 ; double-length if valid punctuation does occur.  The string may contain
006DF7  1                 ; a preceding negative sign; adr may contain a count, which will be ignored.
006DF7  1  F9 6D        Number: .word *+2
006DF9  1  5A           	phy		; save IP
006DFA  1  64 26        	stz W		; Accumulator = 0
006DFC  1  64 28        	stz Temp0	; negative sign flag
006DFE  1  20 5C 6E     	jsr @Get	; get next char
006E01  1  30 53        	bmi @num_err
006E03  1  C9 2B 00     	cmp #'+'
006E06  1  F0 07        	beq @loop
006E08  1  C9 2D 00     	cmp #'-'
006E0B  1  D0 07        	bne @2
006E0D  1  C6 28        	dec Temp0	; set sign flag
006E0F  1               
006E0F  1  20 5C 6E     @loop:	jsr @Get	; get next char
006E12  1  30 2D        	bmi @done
006E14  1               @2:
006E14  1  38           	sec		; get ASCII digit value
006E15  1  E9 30 00     	sbc #'0'
006E18  1  90 3C        	bcc @num_err
006E1A  1  C9 0A 00     	CMP #10
006E1D  1  90 0B        	bcc @ok
006E1F  1  E9 07 00     	sbc #7
006E22  1  29 DF 00     	and #$df
006E25  1  C9 0A 00     	CMP #10
006E28  1  90 2C        	bcc @num_err
006E2A  1  C5 00        @ok:	CMP U_Base
006E2C  1  B0 28        	bcs @num_err
006E2E  1               
006E2E  1  85 2A        	sta Temp2	; WB = W * BASE + digit
006E30  1  A4 00        	ldy U_Base
006E32  1  A9 00 00     	lda #0
006E35  1  18           @mul2:	clc
006E36  1  65 26        	adc W
006E38  1  88           	dey
006E39  1  D0 FA        	bne @mul2
006E3B  1  65 2A        	adc Temp2
006E3D  1  85 26        	sta W
006E3F  1               
006E3F  1  80 CE        	bra @loop
006E41  1               
006E41  1  A5 26        @done:	lda W
006E43  1  24 28        	bit Temp0		; get sign flag
006E45  1  10 04        	bpl @d4
006E47  1  49 FF FF     	eor #$ffff		;   negate
006E4A  1  1A           	ina
006E4B  1               @d4:
006E4B  1  95 02        	sta 2,x		; Replace addr with number
006E4D  1  A9 FF FF     	lda #.loword(-1) ; Success
006E50  1  95 00        	sta 0,x
006E52  1  7A           	ply		; restore IP
006E53  1  4C 4E 67     	NEXT
006E56  1               
006E56  1               @num_err:
006E56  1  7A           	ply		; restore IP
006E57  1  74 02        	stz 2,x		; return fail
006E59  1  4C 6C 60     	jmp Drop+2	; Drop len, NEXT
006E5C  1               
006E5C  1               @Get: ; get next char
006E5C  1  D6 00        	dec 0,x		; more chars?
006E5E  1  30 07        	bmi @9
006E60  1  A1 02        	lda (2,x)	; get char
006E62  1  F6 02        	inc 2,x
006E64  1  29 FF 00     	and #$ff
006E67  1  60           @9:	rts
006E68  1               
006E68  1               ;==============================================================================
006E68  1               ; SECTION 12: SYSTEM WORDS (QUIT, ABORT)
006E68  1               
006E68  1               
006E68  1  42 79 65 03   Header "Bye",0 ; ( -- ) halt the system
006E6C  1  F7 6D        
006E6E  1                 ; https://forth-standard.org/standard/tools/BYE
006E6E  1  84 E0        Bye:	.word $00e084	; CFA, Reset
006E70  1               
006E70  1               
006E70  1  41 62 6F 72   Header "Abort",0 ; ( -- ) reset stacks and go to QUIT
006E74  1  74 05 6E 6E  
006E78  1                 ; https://forth-standard.org/standard/core/ABORT
006E78  1  6F 67        Abort:	.word DoCol	; CFA
006E7A  1  3D 60        	.word PSP_Reset	; reset parm stack
006E7C  1               	; For now, ABORT calls QUIT which resets stacks
006E7C  1  65 6B        	.word DotQuoteRun
006E7E  1  05 00        	.word 5
006E80  1  3F 00 20     	.byte "?",0," " ; this phrase makes the simulator stop copying from an input file
006E83  1  0D 0A        	.byte $0d,$0a
006E85  1  8E 6E        	.word Quit
006E87  1               
006E87  1               
006E87  1  51 75 69 74   Header "Quit", 0 ; ( -- ) outer interpreter loop
006E8B  1  04 78 6E     
006E8E  1                 ; Resets return stack, reads and interprets input forever
006E8E  1                 ; https://forth-standard.org/standard/core/QUIT
006E8E  1  6F 67        Quit:	.word DoCol	; CFA
006E90  1  CD 6E        	.word RSP_Reset			; Reset return stack
006E92  1  49 60 79 6C  	.word Zero,State,Store		; STATE= interpret
006E96  1  E4 64        
006E98  1               
006E98  1               @Loop:					; Begin
006E98  1  6B 69 02 03  	.word Lit,TIB_Base		;   Use terminal buffer
006E9C  1  58 60 A4 6C  	.word Dup,ParseBuf,Store
006EA0  1  E4 64        
006EA2  1  6B 69 FE 00  	.word Lit,TIB_SIZE		;   push buf length
006EA6  1  55 66        	.word Accept			;   Read line
006EA8  1  A0 6C E4 64  	.word ParseLen,Store		;   save line size
006EAC  1  11 66        	.word Space
006EAE  1  49 60 83 6C  	.word Zero,ToIn,Store		;   init parse offset
006EB2  1  E4 64        
006EB4  1  E2 6E        	.word Interpret			;   Interpret the input line
006EB6  1  79 6C D7 64  	.word State,Fetch,ZeroEq	;   if interpreting
006EBA  1  E3 63        
006EBC  1  AB 67 C7 6E  	.word ZBranch,@8
006EC0  1  65 6B 03 00  	.word DotQuoteRun,3		;     Print " ok"
006EC4  1  20 6F 6B     	.byte " ok"
006EC7  1  F6 65        @8:	.word CR
006EC9  1  8D 67 98 6E  	.word Branch,@Loop		;  Again
006ECD  1               
006ECD  1               
006ECD  1               ; Header "RSP-Reset",0 ; ( -- ) (R: ... -- ) reset the return stack pointer
006ECD  1  CF 6E        RSP_Reset: .word *+2
006ECF  1  A9 AF 04     	LDA #RSP_INIT
006ED2  1  1B           	TAS			; S= RSP_INIT
006ED3  1  4C 4E 67     	NEXT
006ED6  1               
006ED6  1               
006ED6  1  49 6E 74 65   Header "Interpret",0 ; ( -- ) parse and execute/compile words from input
006EDA  1  72 70 72 65  
006EDE  1  74 09 8E 6E  
006EE2  1  6F 67        Interpret: .word DoCol	; CFA
006EE4  1               @next_word:
006EE4  1  C5 6D        	.word Parse_Name ; Parse next space-delimited word
006EE6  1  58 60 AB 67  	.word Dup,ZBranch,@done	; Check for empty word (length = 0)
006EEA  1  55 6F        
006EEC  1               
006EEC  1  F3 60        	.word TwoDup		; ( caddr len caddr len )
006EEE  1  62 6C D7 64  	.word Latest,Fetch	; search for the word in dictionary
006EF2  1  21 6A        	.word Search_WordList	; ( addr len wid -- 0 | xt 1 | xt -1 )
006EF4  1  58 60 AB 67  	.word Dup,ZBranch,@not_found ; result: 0=not found, 1=normal, -1=immediate
006EF8  1  1A 6F        
006EFA  1  06 64 AB 67  	.word ZeroGt,ZBranch,@exec_word
006EFE  1  10 6F        
006F00  1               
006F00  1  79 6C D7 64  	.word State,Fetch,ZBranch,@exec_word
006F04  1  AB 67 10 6F  
006F08  1               
006F08  1               	; Compile the word: , the xt
006F08  1  43 69        	.word CompileComma
006F0A  1  E0 60        	.word TwoDrop		; 2Drop extra string
006F0C  1  8D 67 E4 6E  	.word Branch,@next_word
006F10  1               
006F10  1               @exec_word: ; Execute: load xt, jump through code field
006F10  1  B3 60 B3 60  	.word Nip,Nip		; discard extra string copy
006F14  1  67 67        	.word Execute		; run the xt
006F16  1  8D 67 E4 6E  	.word Branch,@next_word
006F1A  1               
006F1A  1               @not_found:
006F1A  1  6A 60        	.word Drop		; Drop search result
006F1C  1  F3 60        	.word TwoDup		; ( caddr len caddr len )
006F1E  1  F7 6D        	.word Number		; Try to convert as number
006F20  1  58 60 AB 67  	.word Dup,ZBranch,@Err	; ( adr len -- 0 ) or ( adr len -- n -1 ) or ( adr len -- d -2 )
006F24  1  40 6F        
006F26  1  6A 60        	.word Drop
006F28  1  79 6C D7 64  	.word State,Fetch,ZBranch,@nf9
006F2C  1  AB 67 38 6F  
006F30  1  5F 69        	.word Literal		; compile n
006F32  1  E0 60        	.word TwoDrop		; 2Drop string
006F34  1  8D 67 E4 6E  	.word Branch,@next_word
006F38  1               
006F38  1  B3 60 B3 60  @nf9:	.word Nip,Nip		; discard string, keep n
006F3C  1  8D 67 E4 6E  	.word Branch,@next_word
006F40  1               
006F40  1  6A 60        @Err:	.word Drop		; number flag
006F42  1  3C 66        	.word Type		; string
006F44  1  65 6B 0B 00  	.word DotQuoteRun,11
006F48  1  20 6E 6F 74  	.byte " not found "
006F4C  1  20 66 6F 75  
006F50  1  6E 64 20     
006F53  1  78 6E        	.word Abort
006F55  1               
006F55  1  E0 60        @done:	.word TwoDrop		; discard empty parse string
006F57  1  7E 67        	.word Exit
006F59  1               
006F59  1               
006F59  1  5B 81 E2 6E   Header "[",F_Immediate ; ( -- )  switch State to interpret
006F5D  1                 ; https://forth-standard.org/standard/core/Bracket
006F5D  1  5F 6F        OpenBracket: .word *+2
006F5F  1  64 02        	stz U_State
006F61  1  4C 4E 67     	NEXT
006F64  1               
006F64  1               
006F64  1  5D 01 5D 6F   Header "]",0 ; ( -- )  switch State to compile
006F68  1                ; https://forth-standard.org/standard/right-bracket
006F68  1  6A 6F        CloseBracket: .word *+2
006F6A  1  86 02        	stx U_State	; set to non-zero
006F6C  1  4C 4E 67     	NEXT
006F6F  1               
006F6F  1               
006F6F  1  43 6F 64 65   Header "Code",0 ; ( "name" -- )  Start a machine code word
006F73  1  04 68 6F     
006F76  1                 ; https://forth-standard.org/standard/tools/CODE
006F76  1  6F 67        Code:	.word DoCol
006F78  1  A2 6F        	.word Colon
006F7A  1  F0 68 62 6C  	.word Here,Latest,Fetch,Store	; patch CFA
006F7E  1  D7 64 E4 64  
006F82  1  5D 6F        	.word OpenBracket	; back to interpret mode
006F84  1  7E 67        	.word Exit
006F86  1               
006F86  1               
006F86  1  3B 43 6F 64   Header ";Code",F_Immediate ; ( -- )  End a machine code word
006F8A  1  65 85 76 6F  
006F8E  1                 ; https://forth-standard.org/standard/tools/SemiCODE
006F8E  1  6F 67        SemiCode: .word DoCol
006F90  1  6B 69 4C 00  	.word Lit,$4c,CComma,Lit,Next1,Comma  ; jmp Next1
006F94  1  2A 69 6B 69  
006F98  1  4E 67 0F 69  
006F9C  1  7E 67        	.word Exit
006F9E  1               
006F9E  1               
006F9E  1  3A 01 8E 6F   Header ":", 0 ; ( "name" -- )  start compiling a new colon word
006FA2  1                 ; https://forth-standard.org/standard/core/Colon
006FA2  1  6F 67        Colon:	.word DoCol
006FA4  1  C5 6D        	.word Parse_Name	; get name  ( caddr len )
006FA6  1  6B 69 6F 67  	.word Lit,DoCol,HeaderComma
006FAA  1  91 69        
006FAC  1  68 6F        	.word CloseBracket	; State= compile
006FAE  1  7E 67        	.word Exit
006FB0  1               
006FB0  1               
006FB0  1  3B 81 A2 6F   Header ";",F_Immediate ;  finish compiling a new colon word
006FB4  1                 ; https://forth-standard.org/standard/core/Semi
006FB4  1  6F 67        Semicolon: .word DoCol
006FB6  1  6B 69 7E 67  	.word Lit,Exit,CompileComma	; compile Exit
006FBA  1  43 69        
006FBC  1               
006FBC  1               	; smudge
006FBC  1               
006FBC  1  5D 6F        	.word OpenBracket	; STATE= interpret
006FBE  1  7E 67        	.word Exit
006FC0  1               
006FC0  1               
006FC0  1  44 75 6D 70   Header "Dump",0 ; ( caddr len -- )  Dump memory in hex
006FC4  1  04 B4 6F     
006FC7  1  6F 67        Dump:	.word DoCol
006FC9  1  72 62        	.word OneMinus		; so we stop on zero length remaining
006FCB  1  F6 65        @Line:	.word CR
006FCD  1  8E 60 AB 66  	.word Over,DotHex	; print addr
006FD1  1  6B 69 10 00  	.word Lit,16		; for 16 bytes
006FD5  1  6F 61        @byte:	.word ToR
006FD7  1  11 66        	.word Space		;   print space
006FD9  1  F7 6F BC 66  	.word @Get,CDotHex	;   print byte
006FDD  1  8F 61 72 62  	.word RFrom,OneMinus	;  next
006FE1  1  58 60 E3 63  	.word Dup,ZeroEq,ZBranch,@byte
006FE5  1  AB 67 D5 6F  
006FE9  1  6A 60        	.word Drop
006FEB  1  58 60 F6 63  	.word Dup,ZeroLt,ZBranch,@Line	; until done
006FEF  1  AB 67 CB 6F  
006FF3  1  E0 60        	.word TwoDrop
006FF5  1  7E 67        	.word Exit
006FF7  1               
006FF7  1  F9 6F        @Get:	.word *+2
006FF9  1  A1 02        	lda (2,x)	; get byte
006FFB  1  F6 02        	inc 2,x		; addr++
006FFD  1  D6 00        	dec 0,x		; len--
006FFF  1  4C 5C 60     	jmp PushA
007002  1               
007002  1               
007002  1  2E 53 02 C7   Header ".S",0 ; ( -- ) print stack contents non-destructively
007006  1  6F           
007007  1                 ; https://forth-standard.org/standard/tools/DotS
007007  1  6F 67        DotS:	.word DoCol
007009  1  6B 69 3C 00  	.word Lit,'<',Emit
00700D  1  D0 65        
00700F  1  44 61 2F 67  	.word Depth,Dot
007013  1  6B 69 3E 00  	.word Lit,'>',Emit
007017  1  D0 65        
007019  1  11 66        	.word Space
00701B  1  21 70        	.word @List
00701D  1  F6 65        	.word CR
00701F  1  7E 67        	.word Exit
007021  1               
007021  1  23 70        @List:	.word *+2	; Print each element
007023  1  A9 70 00     	lda #PSP_INIT	; for each cell
007026  1  85 28        @loop:	sta Temp0	;   done?
007028  1  E4 28        	cpx Temp0
00702A  1  B0 14        	bcs @done
00702C  1  3A           	dea
00702D  1  3A           	dea
00702E  1  48           	pha
00702F  1  DA           	phx		;   get value
007030  1  AA           	tax
007031  1  B5 00        	lda 0,x
007033  1  FA           	plx
007034  1  20 F7 66     	jsr print_udec	;   print value
007037  1  A9 20 00     	lda #' '	;   print space
00703A  1  20 DC 65     	jsr EmitA
00703D  1  68           	pla
00703E  1  80 E6        	bra @loop
007040  1               
007040  1  4C 4E 67     @done:	NEXT
007043  1               
007043  1               
007043  1               Last_ROM_Word = DictLink
007043  1               
007043  1               ;======================================================================
007043  1                 .segment "VECTORS" ; 65265 Hardware vectors
000000r 1               ; This is just for the simulator.
000000r 1               ; The real hardware has these vectors in the '265 Mensch monitor ROM.
000000r 1               
000000r 1               	.org $fffc
00FFFC  1  00 60        	.addr Cold  ; FFFC IRQRES RES - "REStart" Interrupt
00FFFE  1               
00FFFE  1               
