ca65 V2.19 - Git 5cb1bc6
Main file   : stc.txt
Current file: stc.txt

000000r 1               ;==============================================================================
000000r 1               ; 65816 ANS Forth Kernel (STC)
000000r 1               ; Set up to run on WDC w65c265sxb board.
000000r 1               ; Based on http://forum.6502.org/viewtopic.php?f=9&t=8577
000000r 1               ;
000000r 1               ; Architecture:
000000r 1               ;	Threading:	Subroutine Threaded Code (STC)
000000r 1               ;	Cell size:	16-bit
000000r 1               ;
000000r 1               ; Default register conventions:
000000r 1               ;	A  (16-bit) Working register / scratch
000000r 1               ;	X  (16-bit) Parameter Stack Pointer (PSP) - points to TOS in direct page
000000r 1               ;	Y  (16-bit) scratch
000000r 1               ;	S  (16-bit) Return Stack Pointer (RSP)	  - hardware stack
000000r 1               ;	D		Direct Page base (UP)	  points to user area
000000r 1               ;	DB		Data Bank ($00)
000000r 1               ;	Native mode, P.M=16-bit, P.X=16-bit
000000r 1               ;
000000r 1               ; STC execution model:
000000r 1               ;	Each word consists of machine code.
000000r 1               ;	Calls done with JSR, exits done with RTS.
000000r 1               
000000r 1               
000000r 1               
000000r 1               	.p816			;select 65816 CPU
000000r 1               	.list on
000000r 1               	.listbytes unlimited ;include all object bytes in listing (since we load the listing file)
000000r 1               	.feature loose_string_term ; used to put quotes in strings
000000r 1               	.feature org_per_seg
000000r 1               	.smart		;watch the code to determine sizes
000000r 1               
000000r 1               ; Memory segment layout
000000r 1                 .bss	; uninitialized read-write
000000r 1               	.org $300	; in 65c265sxb onboard RAM, away from Mensch monitor stuff in lo RAM
000300  1                 .code ; initialized, read-only
000000r 1               	.org $6000	; in 65c265sxb onboard RAM
006000  1               
006000  1               
006000  1               ; CPU P flag bits:
006000  1               P_I	= $04	; interrupt disable
006000  1               P_D	= $08	; decimal
006000  1               P_X	= $10	; X size
006000  1               P_M	= $20	; M size
006000  1               
006000  1               ;==============================================================================
006000  1               ; ca65 Macros
006000  1               
006000  1                 .macro PUSH ; Push value in A onto parameter stack
006000  1               	DEX
006000  1               	DEX
006000  1               	STA PStack,X
006000  1               	.endmacro
006000  1               
006000  1               
006000  1                 .macro POP ; Pop top of parameter stack into A
006000  1               	LDA PStack,X
006000  1               	INX
006000  1               	INX
006000  1               	.endmacro
006000  1               
006000  1               
006000  1               ; Word header flag & length byte bits:
006000  1               F_Immediate	= $80	; when compiling, execute this word
006000  1               F_Hidden	= $40	; smudged
006000  1               F_LengthMask	= $1F	; mask for name length bits
006000  1               
006000  1                .macro Header name, flags ; generate a dictionary entry header
006000  1               ;	name	- string literal for the name field
006000  1               ;	flags	- F_Immediate, F_Hidden, or 0
006000  1               
006000  1               	.local L1,L2
006000  1               ;	WordHeader_Extend	; user-supplied extension
006000  1               L1:	.byte name	;name of word as a string
006000  1               L2:	.byte L2-L1+flags ;flags & length of name (see F_*)
006000  1               	.addr DictLink ;link to previous word in dictionary chain
006000  1               ;		The fields above are at negative offsets from label.
006000  1               DictLink .set * ; remember the entry point of this word for later
006000  1               ;		xt & nt of this word are here.
006000  1               ;label:	; machine code is here.  This is the address that "Search-WordList" returns.
006000  1               	.endmacro
006000  1               
006000  1               DictLink .set 0 ;ptr to nt & xt of previous word, 0=end of list
006000  1               		; Used by Header to chain the generated word headers together.
006000  1               
006000  1               ;=============================================================================
006000  1                .zeropage ; Direct Page, aka User Area
000000r 1               ; ca65 will use direct page addressing for these automatically.
000000r 1               ; On the 65816 with it's moveable direct page, we'll just make the direct page the user area.
000000r 1               ; We don't put it at $000000 so we don't conflict with the '265 Mensch monitor stuff.
000000r 1               ; The current copy of these variables should be accessed using direct addressing.
000000r 1               ; Absolute addressing doesn't take the D register into account.
000000r 1               	.org 0 ; create offsets in user area segment
000000  1               
000000  1  xx xx        U_Base:		.res 2		; Numeric I/O base
000002  1  xx xx        U_State:	.res 2		; Compile state, 0=interp, else compile
000004  1  xx xx        U_DP:		.res 2		; Dictionary memory pointer
000006  1  xx xx        U_Latest:	.res 2		; ptr Latest word header
000008  1  xx xx        U_ParseBuf:	.res 2		; Source string buffer address
00000A  1  xx xx        U_ParseLen:	.res 2		; Source string length
00000C  1  xx xx        U_ToIn:		.res 2		; >IN  parse offset in U_ParseBuf
00000E  1  xx xx        U_HoldPtr:	.res 2		; current start of HOLD string
000010  1  xx xx xx xx  U_RandState:	.res 4		; random # state
000014  1               ;U_ExceptionHandler: .res 2	; Exception handler
000014  1  xx xx xx xx  U_User:		.res 16		; user-defined user variable space
000018  1  xx xx xx xx  
00001C  1  xx xx xx xx  
000020  1  xx xx xx xx  
000024  1               
000024  1               ; These are in the user area so they are simpler to use.
000024  1               ; It's OK to have these as per-user even though they don't need to be.
000024  1               
000024  1               ;-- Scratch variables, default is not preserved across subroutine calls
000024  1  xx xx        W:		.res 2
000026  1  xx xx        Temp0:		.res 2
000028  1  xx xx        Temp2:		.res 2
00002A  1  xx xx        Temp4:		.res 2
00002C  1  xx xx        Temp6:		.res 2
00002E  1               
00002E  1  xx xx        		.align $10 ; make prettier listing
000030  1  xx xx xx xx  PStack:		.res 64	; Parameter stack
000034  1  xx xx xx xx  
000038  1  xx xx xx xx  
00003C  1  xx xx xx xx  
000040  1  xx xx xx xx  
000044  1  xx xx xx xx  
000048  1  xx xx xx xx  
00004C  1  xx xx xx xx  
000050  1  xx xx xx xx  
000054  1  xx xx xx xx  
000058  1  xx xx xx xx  
00005C  1  xx xx xx xx  
000060  1  xx xx xx xx  
000064  1  xx xx xx xx  
000068  1  xx xx xx xx  
00006C  1  xx xx xx xx  
000070  1               PSP_Init = *-PStack	; Parameter stack initial pointer
000070  1               
000070  1  xx xx xx xx  RStack:		.res 64	; Return (65816) stack
000074  1  xx xx xx xx  
000078  1  xx xx xx xx  
00007C  1  xx xx xx xx  
000080  1  xx xx xx xx  
000084  1  xx xx xx xx  
000088  1  xx xx xx xx  
00008C  1  xx xx xx xx  
000090  1  xx xx xx xx  
000094  1  xx xx xx xx  
000098  1  xx xx xx xx  
00009C  1  xx xx xx xx  
0000A0  1  xx xx xx xx  
0000A4  1  xx xx xx xx  
0000A8  1  xx xx xx xx  
0000AC  1  xx xx xx xx  
0000B0  1               RSP_Init	= *-1	; Return stack initial pointer
0000B0  1               
0000B0  1               UserFixedSize: ; size of fixed part of user area
0000B0  1               Dict_Base: ; RAM per-user dictionary starts here
0000B0  1               
0000B0  1               ;==============================================================================
0000B0  1                .bss ; uninitialized RAM
000300  1               
000300  1               TIB_Size	= $fe
000300  1  xx xx xx xx  TIB_Base:	.res TIB_Size	; Terminal Input Buffer
000304  1  xx xx xx xx  
000308  1  xx xx xx xx  
00030C  1  xx xx xx xx  
000310  1  xx xx xx xx  
000314  1  xx xx xx xx  
000318  1  xx xx xx xx  
00031C  1  xx xx xx xx  
000320  1  xx xx xx xx  
000324  1  xx xx xx xx  
000328  1  xx xx xx xx  
00032C  1  xx xx xx xx  
000330  1  xx xx xx xx  
000334  1  xx xx xx xx  
000338  1  xx xx xx xx  
00033C  1  xx xx xx xx  
000340  1  xx xx xx xx  
000344  1  xx xx xx xx  
000348  1  xx xx xx xx  
00034C  1  xx xx xx xx  
000350  1  xx xx xx xx  
000354  1  xx xx xx xx  
000358  1  xx xx xx xx  
00035C  1  xx xx xx xx  
000360  1  xx xx xx xx  
000364  1  xx xx xx xx  
000368  1  xx xx xx xx  
00036C  1  xx xx xx xx  
000370  1  xx xx xx xx  
000374  1  xx xx xx xx  
000378  1  xx xx xx xx  
00037C  1  xx xx xx xx  
000380  1  xx xx xx xx  
000384  1  xx xx xx xx  
000388  1  xx xx xx xx  
00038C  1  xx xx xx xx  
000390  1  xx xx xx xx  
000394  1  xx xx xx xx  
000398  1  xx xx xx xx  
00039C  1  xx xx xx xx  
0003A0  1  xx xx xx xx  
0003A4  1  xx xx xx xx  
0003A8  1  xx xx xx xx  
0003AC  1  xx xx xx xx  
0003B0  1  xx xx xx xx  
0003B4  1  xx xx xx xx  
0003B8  1  xx xx xx xx  
0003BC  1  xx xx xx xx  
0003C0  1  xx xx xx xx  
0003C4  1  xx xx xx xx  
0003C8  1  xx xx xx xx  
0003CC  1  xx xx xx xx  
0003D0  1  xx xx xx xx  
0003D4  1  xx xx xx xx  
0003D8  1  xx xx xx xx  
0003DC  1  xx xx xx xx  
0003E0  1  xx xx xx xx  
0003E4  1  xx xx xx xx  
0003E8  1  xx xx xx xx  
0003EC  1  xx xx xx xx  
0003F0  1  xx xx xx xx  
0003F4  1  xx xx xx xx  
0003F8  1  xx xx xx xx  
0003FC  1  xx xx        
0003FE  1               
0003FE  1               ;TempAbsA:	.res 2		; absolute scratch
0003FE  1               
0003FE  1  xx xx        	.align $100 ; page align direct page for best performance
000400  1  xx xx xx xx  UserFirst:	.res UserFixedSize ; 1st user area starts here
000404  1  xx xx xx xx  
000408  1  xx xx xx xx  
00040C  1  xx xx xx xx  
000410  1  xx xx xx xx  
000414  1  xx xx xx xx  
000418  1  xx xx xx xx  
00041C  1  xx xx xx xx  
000420  1  xx xx xx xx  
000424  1  xx xx xx xx  
000428  1  xx xx xx xx  
00042C  1  xx xx xx xx  
000430  1  xx xx xx xx  
000434  1  xx xx xx xx  
000438  1  xx xx xx xx  
00043C  1  xx xx xx xx  
000440  1  xx xx xx xx  
000444  1  xx xx xx xx  
000448  1  xx xx xx xx  
00044C  1  xx xx xx xx  
000450  1  xx xx xx xx  
000454  1  xx xx xx xx  
000458  1  xx xx xx xx  
00045C  1  xx xx xx xx  
000460  1  xx xx xx xx  
000464  1  xx xx xx xx  
000468  1  xx xx xx xx  
00046C  1  xx xx xx xx  
000470  1  xx xx xx xx  
000474  1  xx xx xx xx  
000478  1  xx xx xx xx  
00047C  1  xx xx xx xx  
000480  1  xx xx xx xx  
000484  1  xx xx xx xx  
000488  1  xx xx xx xx  
00048C  1  xx xx xx xx  
000490  1  xx xx xx xx  
000494  1  xx xx xx xx  
000498  1  xx xx xx xx  
00049C  1  xx xx xx xx  
0004A0  1  xx xx xx xx  
0004A4  1  xx xx xx xx  
0004A8  1  xx xx xx xx  
0004AC  1  xx xx xx xx  
0004B0  1               
0004B0  1               
0004B0  1               ;==============================================================================
0004B0  1                .code ; read-only
006000  1               
006000  1               ;------------------------------------------------------------------------------
006000  1               Cold : ; SYSTEM INITIALIZATION
006000  1               
006000  1  18           	CLC
006001  1  FB           	XCE		; CPU to native mode
006002  1  C2 38        	rep #P_M|P_X|P_D ; 16-bit registers, not decimal
006004  1               
006004  1  A9 00 04     	lda #UserFirst	; Init User Pointer
006007  1  5B           	tcd
006008  1               
006008  1  A9 AF 04     	LDA #RSP_Init+UserFirst
00600B  1  1B           	TAS		; reset return stack
00600C  1  A2 40 00     	LDX #PSP_Init	; reset parameter stack
00600F  1               
00600F  1  4B           	phk		; Set Data Bank to Code bank ($00)
006010  1  AB           	plb
006011  1               
006011  1  20 DD 6A     	jsr Decimal
006014  1               
006014  1  64 02        	stz U_State	; STATE = 0
006016  1               
006016  1  A9 B0 04     	lda #Dict_Base+UserFirst ; DP = Dict_Base
006019  1  85 04        	sta U_DP
00601B  1               
00601B  1  A9 80 6D     	lda #Last_ROM_Word ; LATEST = last ROM word
00601E  1  85 06        	sta U_Latest
006020  1               
006020  1               ;	lda #'R'	;???debug
006020  1               ;	jsr EmitA
006020  1               
006020  1  4C 65 6C     	jmp Quit	; Jump to QUIT (outer interpreter)
006023  1               
006023  1               
006023  1  43 6F 6C 64   Header "Cold",0 ; cold start
006027  1  04 00 00     
00602A  1  80 D4        	bra Cold
00602C  1               
00602C  1               ;==============================================================================
00602C  1               ; SECTION 1: PARAMETER STACK
00602C  1               
00602C  1  50 53 50 2D   Header "PSP-Reset",0 ; ( ... -- )  clear parameter stack
006030  1  52 65 73 65  
006034  1  74 09 2A 60  
006038  1               PSP_Reset:
006038  1  A2 40 00     	ldx #PSP_Init
00603B  1  60           	rts
00603C  1               
00603C  1               
00603C  1                .if 0
00603C  1                 Header "0",0 ; ( -- 0 )  push 0
00603C  1                 ; Used frequently, so define this instead of using literals.
00603C  1               Zero:	dex
00603C  1               	dex
00603C  1               	stz PStack,x
00603C  1               	rts
00603C  1                 .endif
00603C  1               
00603C  1               
00603C  1  44 75 70 03   Header "Dup",0 ; ( a -- a a )
006040  1  38 60        
006042  1                 ; https://forth-standard.org/standard/core/DUP
006042  1  B5 30        Dup:	LDA PStack,X	; Load TOS
006044  1  CA           PushA:	DEX
006045  1  CA           	DEX
006046  1  95 30        	STA PStack,x	; Push A
006048  1  60           	rts
006049  1               
006049  1               
006049  1  44 72 6F 70   Header "Drop",0 ; ( a -- )
00604D  1  04 42 60     
006050  1                 ; https://forth-standard.org/standard/core/DROP
006050  1  E8           Drop:	INX
006051  1  E8           	INX
006052  1  60           	rts
006053  1               
006053  1               
006053  1  53 77 61 70   Header "Swap",0 ; ( a b -- b a )
006057  1  04 50 60     
00605A  1                 ; https://forth-standard.org/standard/core/SWAP
00605A  1  B5 30        Swap:	lda PStack+0,X	; b (TOS)
00605C  1  B4 32        	ldy PStack+2,X	; a (NOS)
00605E  1  94 30        	sty PStack+0,X	; TOS = a
006060  1  95 32        	sta PStack+2,X	; NOS = b
006062  1  60           	rts
006063  1               
006063  1               
006063  1  4F 76 65 72   Header "Over",0 ; ( a b -- a b a )
006067  1  04 5A 60     
00606A  1                 ; https://forth-standard.org/standard/core/OVER
00606A  1  B5 32        Over:	LDA PStack+2,X	; a (NOS)
00606C  1  80 D6        	bra PushA	; Push copy of a
00606E  1               
00606E  1               
00606E  1  52 6F 74 03   Header "Rot",0 ; ( a b c -- b c a )
006072  1  6A 60        
006074  1                 ; https://forth-standard.org/standard/core/ROT
006074  1  B4 34        Rot:	ldy PStack+4,X	; a (bottom)
006076  1  B5 32        	LDA PStack+2,X	; b
006078  1  95 34        	STA PStack+4,X	; bottom slot = b
00607A  1  B5 30        	LDA PStack+0,X	; c (TOS)
00607C  1  95 32        	STA PStack+2,X	; middle slot = c
00607E  1  94 30        	sty PStack+0,X	; TOS = a
006080  1  60           	rts
006081  1               
006081  1               
006081  1  4E 69 70 03   Header "Nip",0 ; ( a b -- b )
006085  1  74 60        
006087  1                 ; https://forth-standard.org/standard/core/NIP
006087  1  B5 30        Nip:	LDA PStack,X	; b (TOS)
006089  1  E8           NipA:	INX
00608A  1  E8           	INX
00608B  1  95 30        	STA PStack,X	; Overwrite a with b
00608D  1  60           	rts
00608E  1               
00608E  1               
00608E  1  54 75 63 6B   Header "Tuck",0 ; ( a b -- b a b )
006092  1  04 87 60     
006095  1                 ; https://forth-standard.org/standard/core/TUCK
006095  1  20 5A 60     Tuck:	jsr Swap
006098  1  80 AA        	bra PushA
00609A  1               
00609A  1               
00609A  1  32 44 72 6F   Header "2Drop",0 ; ( a b -- )
00609E  1  70 05 95 60  
0060A2  1                 ; https://forth-standard.org/standard/core/TwoDROP
0060A2  1               TwoDrop:
0060A2  1  E8           	INX
0060A3  1  E8           	INX
0060A4  1  80 AA        	bra Drop
0060A6  1               
0060A6  1               
0060A6  1               ; Header "3Drop",0 ; ( a b c -- )
0060A6  1               ThreeDrop:
0060A6  1  E8           	inx		; Drop c
0060A7  1  E8           	inx
0060A8  1  80 F8        	bra TwoDrop	; Drop b a
0060AA  1               
0060AA  1               
0060AA  1  32 44 75 70   Header "2Dup",0 ; ( a b -- a b a b )
0060AE  1  04 A2 60     
0060B1  1                 ; https://forth-standard.org/standard/core/TwoDUP
0060B1  1  B4 30        TwoDup:	ldy PStack+0,x	; b
0060B3  1  B5 32        	lda PStack+2,x	; a
0060B5  1  CA           PushYA:	dex
0060B6  1  CA           	dex
0060B7  1  CA           	dex
0060B8  1  CA           	dex
0060B9  1  95 32        	sta PStack+2,x
0060BB  1  94 30        	sty PStack+0,x
0060BD  1  60           	rts
0060BE  1               
0060BE  1               
0060BE  1  32 4F 76 65   Header "2Over",0 ; ( a b c d -- a b c d a b )
0060C2  1  72 05 B1 60  
0060C6  1                 ; https://forth-standard.org/standard/core/TwoOVER
0060C6  1  B4 34        TwoOver: ldy PStack+4,x	; a
0060C8  1  B5 36        	lda PStack+6,x	; b
0060CA  1  80 E9        	bra PushYA
0060CC  1               
0060CC  1               
0060CC  1  32 53 77 61   Header "2Swap",0 ; ( a b c d -- c d a b )
0060D0  1  70 05 C6 60  
0060D4  1                 ; https://forth-standard.org/standard/core/TwoSWAP
0060D4  1               TwoSwap:
0060D4  1  B5 30        	lda PStack+0,x	; swap b & d
0060D6  1  B4 34        	ldy PStack+4,x
0060D8  1  95 34        	sta PStack+4,x
0060DA  1  94 30        	sty PStack+0,x
0060DC  1  B5 32        	lda PStack+2,x	; swap a & c
0060DE  1  B4 36        	ldy PStack+6,x
0060E0  1  95 36        	sta PStack+6,x
0060E2  1  94 32        	sty PStack+2,x
0060E4  1  60           	rts
0060E5  1               
0060E5  1               
0060E5  1  44 65 70 74   Header "Depth",0 ; ( -- n ) number of items on parameter stack
0060E9  1  68 05 D4 60  
0060ED  1                 ; https://forth-standard.org/standard/core/DEPTH
0060ED  1  86 24        Depth:	stx W		; save PSP
0060EF  1  A9 40 00     	lda #PSP_Init
0060F2  1  38           	sec
0060F3  1  E5 24        	sbc W
0060F5  1  4A           	LSR A		; Divide by 2 (to get cells)
0060F6  1  4C 44 60     	jmp PushA
0060F9  1               
0060F9  1               
0060F9  1  50 69 63 6B   Header "Pick",0 ; ( xu...x1 x0 u -- xu...x1 x0 xu )
0060FD  1  04 ED 60     
006100  1                 ; https://forth-standard.org/standard/core/PICK
006100  1  B5 30        Pick:	LDA PStack+0,X	; u
006102  1  0A           	ASL A		; * 2 (cell size)
006103  1  DA           	phx		; save PSP
006104  1  63 01        	adc 1,s		; X+=A
006106  1  AA           	tax
006107  1  B5 32        	lda PStack+2,x	; get cell
006109  1  FA           	plx		; restore PSP
00610A  1  95 30        	sta PStack+0,x	; save result
00610C  1  60           	rts
00610D  1               
00610D  1               ;==============================================================================
00610D  1               ; SECTION 2: RETURN STACK
00610D  1               
00610D  1               
00610D  1  3E 52 02 00   Header ">R",0 ; ( a -- ) (R: -- a )  push to return stack
006111  1  61           
006112  1                 ; https://forth-standard.org/standard/core/toR
006112  1  B5 30        ToR:	LDA PStack+0,X	; Pop from parameter stack
006114  1  E8           	INX
006115  1  E8           	INX
006116  1  7A           	ply		; save rts addr
006117  1  48           	PHA		; Push onto return stack
006118  1  5A           	phy		; put rts addr back
006119  1  60           	rts
00611A  1               
00611A  1               
00611A  1  32 3E 52 03   Header "2>R",0 ; ( x1 x2 -- ) ( R: -- x1 x2 )  move cell pair to return stack
00611E  1  12 61        
006120  1                 ; https://forth-standard.org/standard/core/TwotoR
006120  1  7A           TwoToR:	ply		; save rts addr
006121  1  B5 32        	lda PStack+2,x	; get x1
006123  1  48           	pha
006124  1  B5 30        	lda PStack+0,x	; get x2
006126  1  48           	pha
006127  1  5A           	phy		; put rts addr back
006128  1  4C A2 60     	jmp TwoDrop	; 2Drop
00612B  1               
00612B  1               
00612B  1  52 3E 02 20   Header "R>",0 ; ( -- a ) (R: a -- )  pop from return stack
00612F  1  61           
006130  1                 ; https://forth-standard.org/standard/core/Rfrom
006130  1  7A           RFrom:	ply		; save rts addr
006131  1  68           	PLA		; Pop from return stack
006132  1  5A           	phy		; put rts addr back
006133  1  4C 44 60     	jmp PushA	; Push onto parameter stack
006136  1               
006136  1               
006136  1  32 52 3E 03   Header "2R>",0 ; ( R: x1 x2 -- ) ( -- x1 x2 )  Pop 2 cells from the return stack
00613A  1  30 61        
00613C  1                 ; https://forth-standard.org/standard/core/TwoRfrom
00613C  1               TwoRFrom:
00613C  1  CA           	dex		; alloc space
00613D  1  CA           	dex
00613E  1  CA           	dex
00613F  1  CA           	dex
006140  1  7A           	ply		; save rts addr
006141  1  68           	pla		; do x2
006142  1  95 30        	sta PStack+0,x
006144  1  68           	pla		; do x1
006145  1  95 32        	sta PStack+2,x
006147  1  5A           	phy		; restore rts addr
006148  1  60           	rts
006149  1               
006149  1               
006149  1  52 40 02 3C   Header "R@",0 ; ( -- a ) (R: a -- a )  get a copy of top of return stack
00614D  1  61           
00614E  1                 ; https://forth-standard.org/standard/core/RFetch
00614E  1  A3 03        RFetch:	lda 3,s
006150  1  4C 44 60     	jmp PushA
006153  1               
006153  1               
006153  1                 .if 0
006153  1                Header "2R@",0 ; ( R: x1 x2 -- x1 x2 ) ( -- x1 x2 )  Get top 2 return stack cells
006153  1                 ; https://forth-standard.org/standard/core/TwoRFetch
006153  1               TwoRFetch:
006153  1               	lda 5,s
006153  1               	jsr PushA
006153  1               	lda 3,s
006153  1               	jmp PushA
006153  1                 .endif
006153  1               
006153  1               ;==============================================================================
006153  1               ; SECTION 3: ARITHMETIC
006153  1               
006153  1               
006153  1  2B 01 4E 61   Header "+",0 ; ( a b -- a+b )
006157  1                 ; https://forth-standard.org/standard/core/Plus
006157  1  18           Plus:	clc
006158  1  B5 32        	lda PStack+2,x	; get a
00615A  1  75 30        	adc PStack+0,x	; add b
00615C  1  4C 89 60     	jmp NipA
00615F  1               
00615F  1               
00615F  1  2D 01 57 61   Header "-",0 ; ( a b -- a-b )
006163  1                 ; https://forth-standard.org/standard/core/Minus
006163  1  38           Minus:	sec
006164  1  B5 32        	lda PStack+2,x	; a
006166  1  F5 30        	sbc PStack+0,x	; a - b
006168  1  4C 89 60     	jmp NipA
00616B  1               
00616B  1               
00616B  1  4E 65 67 61   Header "Negate",0 ; ( n -- -n )
00616F  1  74 65 06 63  
006173  1  61           
006174  1                 ; https://forth-standard.org/standard/core/NEGATE
006174  1  B5 30        Negate: LDA PStack,X
006176  1  49 FF FF     Negat3:	EOR #$FFFF
006179  1  1A           	INC A
00617A  1  95 30        	STA PStack,X
00617C  1  60           	rts
00617D  1               
00617D  1               
00617D  1  41 62 73 03   Header "Abs",0 ; ( n -- |n| )
006181  1  74 61        
006183  1                 ; https://forth-standard.org/standard/core/ABS
006183  1  B5 30        Abs:	LDA PStack,X
006185  1  30 EF        	bmi Negat3
006187  1  60           	rts
006188  1               
006188  1               
006188  1                 .if 0
006188  1                Header "D+",0 ; ( d1 d2 -- d3 ) double precision add
006188  1               DPlus:	clc
006188  1               	lda PStack+6,x	; get d1.lo
006188  1               	adc PStack+2,x	; add d2.lo
006188  1               	sta PStack+6,x
006188  1               	lda PStack+4,x	; get d1.hi
006188  1               	adc PStack+0,x	; add d2.hi
006188  1               	sta PStack+4,x
006188  1               	jmp TwoDrop
006188  1               
006188  1                Header "D-",0 ; ( d1 d2 -- d1-d2 ) double precision subtract
006188  1               DMinus: jsr DNegate
006188  1               	bra DPlus
006188  1                 .endif
006188  1               
006188  1  44 4E 65 67   Header "DNegate",0 ; ( d1 -- -d1 )  return -d1
00618C  1  61 74 65 07  
006190  1  83 61        
006192  1                 ; https://forth-standard.org/standard/double/DNEGATE
006192  1               DNegate:
006192  1  38           	sec
006193  1  A9 00 00     	lda #0
006196  1  F5 32        	sbc PStack+2,x
006198  1  95 32        	sta PStack+2,x
00619A  1  A9 00 00     	lda #0
00619D  1  F5 30        	sbc PStack+0,x
00619F  1  95 30        	sta PStack+0,x
0061A1  1  60           	rts
0061A2  1               
0061A2  1               
0061A2  1  44 41 62 73   Header "DAbs",0 ; ( d -- ud )  ud is the absolute value of d
0061A6  1  04 92 61     
0061A9  1                 ; https://forth-standard.org/standard/double/DABS
0061A9  1  B5 30        DAbs:	lda PStack+0,x	; test d sign
0061AB  1  30 E5        	bmi DNegate
0061AD  1  60           	rts
0061AE  1               
0061AE  1               
0061AE  1  4D 61 78 03   Header "Max",0 ; ( a b -- max )  signed
0061B2  1  A9 61        
0061B4  1                 ; https://forth-standard.org/standard/core/MAX
0061B4  1  B5 30        Max:	lda PStack+0,x	; a
0061B6  1  38           	sec
0061B7  1  F5 32        	sbc PStack+2,x	; a - b (signed)
0061B9  1  70 16        	bvs Min5
0061BB  1  30 04        Max5:	bmi Max9
0061BD  1  B5 30        Max8:	lda PStack+0,x
0061BF  1  95 32        	sta PStack+2,x
0061C1  1  E8           Max9:	inx
0061C2  1  E8           	inx
0061C3  1  60           	rts
0061C4  1               
0061C4  1               
0061C4  1  4D 69 6E 03   Header "Min",0 ; ( a b -- min )  signed
0061C8  1  B4 61        
0061CA  1                 ; https://forth-standard.org/standard/core/MIN
0061CA  1  B5 30        Min:	lda PStack+0,x	; a
0061CC  1  38           	sec
0061CD  1  F5 32        	sbc PStack+2,x	; a - b (signed)
0061CF  1  70 EA        	bvs Max5
0061D1  1  30 EA        Min5:	bmi Max8
0061D3  1  80 EC        	bra Max9
0061D5  1               
0061D5  1               
0061D5  1  31 2B 02 CA   Header "1+",0 ; ( n -- n+1 )
0061D9  1  61           
0061DA  1                 ; https://forth-standard.org/standard/core/OnePlus
0061DA  1               OnePlus:
0061DA  1  F6 30        	INC PStack,X
0061DC  1  60           	rts
0061DD  1               
0061DD  1               
0061DD  1  32 2B 02 DA   Header "2+",0 ; ( n -- n+2 )
0061E1  1  61           
0061E2  1  F6 30        TwoPlus: inc PStack,x
0061E4  1  80 F4        	bra OnePlus
0061E6  1               
0061E6  1               
0061E6  1  31 2D 02 E2   Header "1-",0 ; ( n -- n-1 )
0061EA  1  61           
0061EB  1                 ; https://forth-standard.org/standard/core/OneMinus
0061EB  1               OneMinus:
0061EB  1  D6 30        	DEC PStack,X
0061ED  1  60           	rts
0061EE  1               
0061EE  1               
0061EE  1  32 2A 02 EB   Header "2*",0 ; ( n -- n*2 )  shift left
0061F2  1  61           
0061F3  1                 ; https://forth-standard.org/standard/core/TwoTimes
0061F3  1               TwoStar:
0061F3  1  16 30        	ASL PStack,X
0061F5  1  60           	rts
0061F6  1               
0061F6  1               
0061F6  1  32 2F 02 F3   Header "2/",0 ; ( n -- n/2 ) signed shift right
0061FA  1  61           
0061FB  1                 ; https://forth-standard.org/standard/core/TwoDiv
0061FB  1               TwoSlash:
0061FB  1  B5 30        	LDA PStack,X
0061FD  1  0A           	asl a		; Arithmetic shift right: preserve sign bit
0061FE  1  76 30        	ROR PStack,x	; Shift right, sign bit from carry
006200  1  60           	rts
006201  1               
006201  1               
006201  1  55 32 2F 03   Header "U2/",0 ; ( u -- u/2 ) unsigned shift right
006205  1  FB 61        
006207  1               UTwoSlash:
006207  1  56 30        	lsr PStack,x
006209  1  60           	rts
00620A  1               
00620A  1               
00620A  1  4C 53 68 69   Header "LShift",0 ; ( a u -- a<<u ) logical shift left
00620E  1  66 74 06 07  
006212  1  62           
006213  1                 ; https://forth-standard.org/standard/core/LSHIFT
006213  1  B4 30        LShift:	ldy PStack+0,x	; get u (shift count)
006215  1  F0 05        	beq @done
006217  1  16 32        @loop:	asl PStack+2,x	; shift a
006219  1  88           	dey
00621A  1  D0 FB        	bne @loop
00621C  1  E8           @done:	inx		; Drop u
00621D  1  E8           	inx
00621E  1  60           	rts
00621F  1               
00621F  1               
00621F  1  52 53 68 69   Header "RShift",0 ; ( a u -- a>>u ) logical shift right
006223  1  66 74 06 13  
006227  1  62           
006228  1                 ; https://forth-standard.org/standard/core/RSHIFT
006228  1  B4 30        RShift:	ldy PStack+0,x	; get u (shift count)
00622A  1  F0 05        	beq @done
00622C  1  56 32        @loop:	lsr PStack+2,x	; shift a
00622E  1  88           	dey
00622F  1  D0 FB        	bne @loop
006231  1  E8           @done:	inx		; Drop u
006232  1  E8           	inx
006233  1  60           	rts
006234  1               
006234  1               
006234  1                 .if 0
006234  1                Header "><",0 ; ( n -- n' )  Swap byte order in cell
006234  1               SwapB:	lda PStack,x
006234  1               	xba
006234  1               	sta PStack,x
006234  1               	rts
006234  1                  .endif
006234  1               
006234  1               
006234  1  53 3E 44 03   Header "S>D",0 ; ( n -- d )  Convert the signed number n to the double-cell number d
006238  1  28 62        
00623A  1                 ; https://forth-standard.org/standard/core/StoD
00623A  1  B5 30        SToD:	lda PStack,x	; get n
00623C  1  29 00 80     	and #$8000	; only sign bit
00623F  1  F0 03        	beq @3
006241  1  A9 FF FF     	lda #$ffff
006244  1  4C 44 60     @3:	jmp PushA
006247  1               
006247  1               
006247  1  55 4D 2A 03   Header "UM*",0 ; ( u1 u2 -- ud ) unsigned 16x16 -> 32-bit result
00624B  1  3A 62        
00624D  1                 ; Result: TOS = high cell, NOS = low cell
00624D  1                 ; https://forth-standard.org/standard/core/UMTimes
00624D  1  A9 00 00     UMStar: lda #0		; Clear result.hi
006250  1  18           	clc
006251  1  A0 10 00     	ldy #16		; for 16 bits
006254  1  76 32        @loop:	ror PStack+2,x	;   shift multiplier & result.lo
006256  1  90 03        	bcc @skip	;   if bit set
006258  1  18           	clc		;     add multiplicand to result.hi
006259  1  75 30        	adc PStack+0,x
00625B  1  6A           @skip:	ror a		;   shift result.hi
00625C  1  88           	dey		;  next bit
00625D  1  D0 F5        	bne @loop
00625F  1  76 32        	ror PStack+2,x	; finish result.lo
006261  1  95 30        	sta PStack+0,x	; save result.hi
006263  1  60           	rts
006264  1               
006264  1               
006264  1  4D 2A 02 4D   Header "M*",0 ; ( a b -- dc ) 16x16 -> 32 signed
006268  1  62           
006269  1                 ; https://forth-standard.org/standard/core/MTimes
006269  1  B5 30        MStar:	lda PStack+0,x	; save result sign
00626B  1  55 32        	eor PStack+2,x
00626D  1  08           	php
00626E  1  20 83 61     	jsr Abs		; abs(b)
006271  1  20 5A 60     	jsr Swap	; abs(a)
006274  1  20 83 61     	jsr Abs
006277  1  20 4D 62     	jsr UMStar	; multiply
00627A  1  28           	plp		; fix result sign
00627B  1  10 03        	bpl @9
00627D  1  4C 92 61     	jmp DNegate
006280  1  60           @9:	rts
006281  1               
006281  1               
006281  1  2A 01 69 62   Header "*",0 ; ( a b -- a*b ) 16x16 -> 16 (low word)
006285  1                 ; https://forth-standard.org/standard/core/Times
006285  1  20 4D 62     Star:	jsr UMStar
006288  1  E8           	inx		; drop hi word
006289  1  E8           	inx
00628A  1  60           	rts
00628B  1               
00628B  1               
00628B  1  55 4E 2F 4D   Header "UN/Mod",0 ; ( ud u -- udq ur )  unsigned 32/16 -> 32 quotient, 16 remainder
00628F  1  6F 64 06 85  
006293  1  62           
006294  1               UNSlashMod:
006294  1  A9 00 00     	lda #0		; dividend.hi
006297  1  16 34        	asl PStack+4,x	; shift dividend.lo & mid
006299  1  36 32        	rol PStack+2,x
00629B  1  A0 20 00     	ldy #32		; for 32 bits
00629E  1  2A           @11:    rol a		;   Shift dividend.hi
00629F  1  B0 04        	bcs @24
0062A1  1  D5 30        	cmp PStack+0,x	;   will it fit?
0062A3  1  90 03        	bcc @27
0062A5  1  F5 30        @24:	sbc PStack+0,x	;     subtract divisor
0062A7  1  38           	sec
0062A8  1               @27:
0062A8  1  36 34        	rol PStack+4,x	;   shift dividend & quotient lo & mid
0062AA  1  36 32        	rol PStack+2,x
0062AC  1  88           	dey
0062AD  1  D0 EF        	bne @11		;  next bit
0062AF  1  95 30        	sta PStack+0,x	; save remainder
0062B1  1  60           	rts
0062B2  1               
0062B2  1               
0062B2  1  55 4D 2F 4D   Header "UM/Mod",0 ; ( ud u -- ur uq ) unsigned 32/16 -> 16 remainder, 16 quotient
0062B6  1  6F 64 06 94  
0062BA  1  62           
0062BB  1                 ; Stack: NOS_HI=ud_high NOS=ud_low TOS=u (divisor)
0062BB  1                 ; Quotient overflow gives strange results.
0062BB  1                 ; This is a standard 32/16 non-restoring division
0062BB  1                 ; https://forth-standard.org/standard/core/UMDivMOD
0062BB  1               UMSlashMod:
0062BB  1  20 94 62     	jsr UNSlashMod
0062BE  1  20 87 60     	jsr Nip
0062C1  1  4C 5A 60     	jmp Swap
0062C4  1               
0062C4  1               
0062C4  1  53 4D 2F 52   Header "SM/Rem",0 ; ( d1 n1 -- n_remainder n_quotient )  Symmetric signed division
0062C8  1  65 6D 06 BB  
0062CC  1  62           
0062CD  1                 ; Divide d_dividend by n_divisor, giving the symmetric quotient n_quotient and
0062CD  1                 ; the remainder n_remainder. Input and output stack arguments are signed.
0062CD  1                 ; An ambiguous condition exists if n_divisor is zero or if the quotient
0062CD  1                 ; lies outside the range of a single-cell signed integer.
0062CD  1                 ; http://forth-standard.org/standard/core/SMDivREM
0062CD  1  20 12 61     SMSRem:	jsr ToR		; save divisor
0062D0  1  B5 30        	lda PStack+0,x	; save dividend sign
0062D2  1  48           	pha
0062D3  1  20 A9 61     	jsr DAbs	; make dividend positive
0062D6  1  A3 03        	lda 3,s
0062D8  1  20 44 60     	jsr PushA	; get abs(divisor)
0062DB  1  20 83 61     	jsr Abs
0062DE  1  20 BB 62     	jsr UMSlashMod	; unsigned divide
0062E1  1               
0062E1  1  A3 03        	lda 3,s		; correct quotient sign
0062E3  1  43 01        	eor 1,s
0062E5  1  10 03        	bpl @5
0062E7  1  20 74 61     	jsr Negate
0062EA  1               @5:
0062EA  1               
0062EA  1  68           	pla		; correct remainder sign
0062EB  1  10 08        	bpl @6
0062ED  1  A9 00 00     	lda #0
0062F0  1  38           	sec
0062F1  1  F5 32        	sbc PStack+2,x
0062F3  1  95 32        	sta PStack+2,x
0062F5  1               @6:
0062F5  1  68           	pla		; drop saved divisor
0062F6  1  60           	rts
0062F7  1               
0062F7  1               
0062F7  1  2F 4D 4F 44   Header "/MOD",0 ; ( n1 n2 -- rem quot ) signed division
0062FB  1  04 CD 62     
0062FE  1                 ; Divide n1 by n2, giving the single-cell remainder n3 and the single-cell quotient n4. An
0062FE  1                 ; ambiguous condition exists if n2 is zero. If n1 and n2 differ in sign, the implementation defined
0062FE  1                 ; result returned will be the same as that returned by either the phrase >R S>D R>
0062FE  1                 ; FM/MOD or the phrase >R S>D R> SM/REM.
0062FE  1                 ; https://forth-standard.org/standard/core/DivMOD
0062FE  1               SlashMod:
0062FE  1  20 12 61     	jsr ToR
006301  1  20 3A 62     	jsr SToD
006304  1  20 30 61     	jsr RFrom
006307  1  80 C4        	bra SMSRem
006309  1               
006309  1               
006309  1  2F 01 FE 62   Header "/",0 ; ( n1 n2 -- quot ) signed division
00630D  1                 ; https://forth-standard.org/standard/core/Div
00630D  1  20 FE 62     Slash:	jsr SlashMod
006310  1  4C 87 60     	jmp Nip		; remainder
006313  1               
006313  1               
006313  1  4D 6F 64 03   Header "Mod",0 ; ( n1 n2 -- rem ) signed remainder
006317  1  0D 63        
006319  1                 ; https://forth-standard.org/standard/core/MOD
006319  1  20 FE 62     Mod:	jsr SlashMod
00631C  1  E8           	inx		; Drop quotient
00631D  1  E8           	inx
00631E  1  60           	rts
00631F  1               
00631F  1               
00631F  1               ;==============================================================================
00631F  1               ; SECTION 4: COMPARISON
00631F  1               
00631F  1               
00631F  1  30 3D 02 19   Header "0=",0 ; ( n -- flag )
006323  1  63           
006324  1                 ; https://forth-standard.org/standard/core/ZeroEqual
006324  1               ZeroEq:
006324  1  B5 30        	LDA PStack,X
006326  1  D0 0F        	BNE False1
006328  1  A9 FF FF     True1:	LDA #$FFFF	; Drop 1, return True
00632B  1  95 30        	STA PStack,X
00632D  1  60           	rts
00632E  1               
00632E  1               
00632E  1  30 3C 02 24   Header "0<",0 ; ( n -- flag )
006332  1  63           
006333  1                 ; https://forth-standard.org/standard/core/Zeroless
006333  1               ZeroLess:
006333  1  B5 30        	LDA PStack,X
006335  1  30 F1        	bmi True1
006337  1  74 30        False1:	STZ PStack,X	; Drop 1, return False
006339  1  60           	rts
00633A  1               
00633A  1               
00633A  1  30 3E 02 33   Header "0>",0 ; ( n -- flag )
00633E  1  63           
00633F  1                 ; https://forth-standard.org/standard/core/Zeromore
00633F  1               ZeroGt:
00633F  1  B5 30        	LDA PStack,X
006341  1  30 F4        	bmi False1
006343  1  D0 E3        	bne True1
006345  1  80 F0        	bra False1
006347  1               
006347  1               
006347  1  3D 01 3F 63   Header "=",0 ; ( a b -- flag )
00634B  1                 ; https://forth-standard.org/standard/core/Equal
00634B  1  B5 30        Equal:	LDA PStack+0,X
00634D  1  D5 32        	CMP PStack+2,X
00634F  1  F0 10        	BEQ True2
006351  1  E8           False2:	INX		; Drop
006352  1  E8           	INX
006353  1  74 30        	stz PStack,X	; Drop, return False
006355  1  60           	rts
006356  1               
006356  1               
006356  1  3C 3E 02 4B   Header "<>",0 ; ( a b -- flag )
00635A  1  63           
00635B  1                 ; https://forth-standard.org/standard/core/ne
00635B  1               NotEqual:
00635B  1  B5 30        	LDA PStack+0,X
00635D  1  D5 32        	CMP PStack+2,X
00635F  1  F0 F0        	beq False2
006361  1  E8           True2:	inx		; Drop
006362  1  E8           	inx
006363  1  80 C3        	bra True1	; Drop, return True
006365  1               
006365  1               
006365  1  3C 01 5B 63   Header "<",0 ; ( a b -- flag ) signed
006369  1                 ; https://forth-standard.org/standard/core/less
006369  1  38           Less:	sec
00636A  1  B5 32        	LDA PStack+2,X	; a
00636C  1  F5 30        	SBC PStack+0,X	; a - b
00636E  1  70 0F        	bvs Greater3
006370  1  30 EF        Less3:	bmi True2	; result negative and no overflow = a<b
006372  1  80 DD        	bra False2
006374  1               
006374  1               
006374  1  3E 01 69 63   Header ">",0 ; ( a b -- flag ) signed
006378  1                 ; https://forth-standard.org/standard/core/more
006378  1               Greater:
006378  1  38           	sec
006379  1  B5 32        	LDA PStack+2,X	; a
00637B  1  F5 30        	SBC PStack+0,X	; b
00637D  1  70 F1        	bvs Less3
00637F  1  30 D0        Greater3: bmi False2
006381  1  D0 DE        	bne True2
006383  1  80 CC        	bra False2
006385  1               
006385  1               
006385  1  55 3C 02 78   Header "U<",0 ; ( u1 u2 -- flag ) unsigned less than
006389  1  63           
00638A  1                 ; https://forth-standard.org/standard/core/Uless
00638A  1  B5 32        ULess:	LDA PStack+2,X	; u1
00638C  1  D5 30        	CMP PStack+0,X	; u1 - u2 (unsigned)
00638E  1  90 D1        	BCC True2	; Carry clear = u1 < u2
006390  1  80 BF        	bra False2
006392  1               
006392  1               
006392  1  55 3E 02 8A   Header "U>",0 ; ( u1 u2 -- flag ) unsigned greater than
006396  1  63           
006397  1                 ; https://forth-standard.org/standard/core/Umore
006397  1               UGreater:
006397  1  B5 30        	LDA PStack+0,X	; u2
006399  1  D5 32        	CMP PStack+2,X	; u2 - u1 (reversed)
00639B  1  90 C4        	BCC True2
00639D  1  80 B2        	bra False2
00639F  1               
00639F  1               ;==============================================================================
00639F  1               ; SECTION 5: LOGIC
00639F  1               
00639F  1  54 72 75 65   Header "True",0 ; ( -- true )
0063A3  1  04 97 63     
0063A6  1                 ; https://forth-standard.org/standard/core/TRUE
0063A6  1  A9 FF FF     True:	lda #$ffff
0063A9  1  4C 44 60     	jmp PushA
0063AC  1               
0063AC  1               
0063AC  1  46 61 6C 73   Header "False",0 ; ( -- false )
0063B0  1  65 05 A6 63  
0063B4  1                 ; https://forth-standard.org/standard/core/FALSE
0063B4  1  A9 00 00     False:	lda #0
0063B7  1  4C 44 60     	jmp PushA
0063BA  1               
0063BA  1               
0063BA  1  41 6E 64 03   Header "And",0 ; ( a b -- a&b )
0063BE  1  B4 63        
0063C0  1                 ; https://forth-standard.org/standard/core/AND
0063C0  1                 ; Modified name to not conflict with opcode name.
0063C0  1  B5 32        And1:	LDA PStack+2,X
0063C2  1  35 30        	AND PStack+0,X
0063C4  1  4C 89 60     	jmp NipA
0063C7  1               
0063C7  1               
0063C7  1  4F 72 02 C0   Header "Or",0 ; ( a b -- a|b )
0063CB  1  63           
0063CC  1                 ; https://forth-standard.org/standard/core/OR
0063CC  1                 ; Modified name to not conflict with opcode name.
0063CC  1  B5 32        Or1:	LDA PStack+2,X
0063CE  1  15 30        	ORA PStack+0,X
0063D0  1  4C 89 60     	jmp NipA
0063D3  1               
0063D3  1               
0063D3  1  58 6F 72 03   Header "Xor",0 ; ( a b -- a^b )
0063D7  1  CC 63        
0063D9  1                 ; https://forth-standard.org/standard/core/XOR
0063D9  1                 ; Modified name to not conflict with opcode name.
0063D9  1  B5 32        Xor1:	LDA PStack+2,X
0063DB  1  55 30        	EOR PStack+0,X
0063DD  1  4C 89 60     	jmp NipA
0063E0  1               
0063E0  1               
0063E0  1  49 6E 76 65   Header "Invert",0 ; ( a -- ~a )
0063E4  1  72 74 06 D9  
0063E8  1  63           
0063E9  1                 ; https://forth-standard.org/standard/core/INVERT
0063E9  1  B5 30        Invert:	LDA PStack,X
0063EB  1  49 FF FF     	EOR #$FFFF
0063EE  1  95 30        	STA PStack,X
0063F0  1  60           	rts
0063F1  1               
0063F1  1               ;==============================================================================
0063F1  1               ; SECTION 6: MEMORY
0063F1  1               
0063F1  1               
0063F1  1  40 01 E9 63   Header "@",0 ; ( addr -- val ) fetch cell
0063F5  1                 ; https://forth-standard.org/standard/core/Fetch
0063F5  1  A1 30        Fetch:	lda (PStack,x)
0063F7  1  95 30        	sta PStack,x
0063F9  1  60           	rts
0063FA  1               
0063FA  1               
0063FA  1  21 01 F5 63   Header "!",0 ; ( val addr -- ) store cell
0063FE  1                 ; https://forth-standard.org/standard/core/Store
0063FE  1  B5 32        Store:	lda PStack+2,x	; get val
006400  1  81 30        	sta (PStack+0,x); store at addr
006402  1  4C A2 60     	jmp TwoDrop	; drop addr val
006405  1               
006405  1               
006405  1  43 40 02 FE   Header "C@",0 ; ( addr -- byte ) fetch byte
006409  1  63           
00640A  1                 ; https://forth-standard.org/standard/core/CFetch
00640A  1  E2 20        CFetch:	sep #P_M
00640C  1  A1 30        	lda (PStack,x)
00640E  1  C2 20        	rep #P_M
006410  1  29 FF 00     	and #$ff	; zero extend
006413  1  95 30        	sta PStack,x
006415  1  60           	rts
006416  1               
006416  1               
006416  1  43 21 02 0A   Header "C!",0 ; ( byte addr -- ) store byte
00641A  1  64           
00641B  1                 ; https://forth-standard.org/standard/core/CStore
00641B  1  B5 32        CStore:	LDA PStack+2,X	; get byte
00641D  1  E2 20        	sep #P_M	; store at addr
00641F  1  81 30        	sta (PStack+0,x)
006421  1  C2 20        	rep #P_M
006423  1  4C A2 60     	jmp TwoDrop	; drop addr byte, NEXT
006426  1               
006426  1               
006426  1  32 40 02 1B   Header "2@",0 ; ( addr -- d ) fetch double cell
00642A  1  64           
00642B  1                 ; (hi cell at addr, lo cell at addr+2, cells stored little-endian)
00642B  1                 ; https://forth-standard.org/standard/core/TwoFetch
00642B  1               TwoFetch:
00642B  1  B4 30        	ldy PStack+0,x	; addr
00642D  1  B9 02 00     	lda a:2,y	; lo cell
006430  1  95 30        	sta PStack+0,x
006432  1  B9 00 00     	lda a:0,y	; hi cell
006435  1  4C 44 60     	jmp PushA
006438  1               
006438  1               
006438  1  32 21 02 2B   Header "2!",0 ; ( d addr -- ) store double cell
00643C  1  64           
00643D  1                 ; https://forth-standard.org/standard/core/TwoStore
00643D  1               TwoStore:
00643D  1  B4 30        	ldy PStack+0,x	; addr
00643F  1  B5 32        	lda PStack+2,x	; hi cell
006441  1  99 00 00     	sta a:0,y
006444  1  B5 34        	lda PStack+4,x	; lo cell
006446  1  99 02 00     	sta a:2,y
006449  1  4C A6 60     	jmp ThreeDrop	; 3Drop addr d
00644C  1               
00644C  1               
00644C  1                .if 0
00644C  1                Header "+!",ha_Inline ; ( n|u a-addr -- )  Add n | u to the single-cell number at a-addr
00644C  1                 ; https://forth-standard.org/standard/core/PlusStore
00644C  1               PlusStore:
00644C  1               	lda PStack+2,x
00644C  1               	clc
00644C  1               	adc (PStack+0,x)
00644C  1               	sta (PStack+0,x)
00644C  1               	jmp TwoDrop
00644C  1                 .endif
00644C  1               
00644C  1               ; Header "?",0 ; ( a-addr -- )  Display the cell value stored at a-addr.
00644C  1                 ; https://forth-standard.org/standard/tools/q
00644C  1               
00644C  1               
00644C  1  43 4D 6F 76   Header "CMove",0 ; ( src dst u -- ) copy u bytes from src to dst ascending
006450  1  65 05 3D 64  
006454  1                 ; https://forth-standard.org/standard/string/CMOVE
006454  1               CMove:
006454  1  B5 30        	lda PStack+0,x	; u (byte count)
006456  1  F0 0C        	beq @9		; Zero count = no-op
006458  1  3A           	dec a		; decrement byte count for mvn
006459  1  DA           	phx		; save PSP
00645A  1  B4 34        	ldy PStack+4,x	; prefetch src
00645C  1  5A           	phy
00645D  1  B4 32        	ldy PStack+2,x	; Y=dst
00645F  1  FA           	plx		; X=src
006460  1  54 00 00     	mvn #0,#0	; block move
006463  1  FA           	plx		; restore PSP
006464  1  4C A6 60     @9:	jmp ThreeDrop	; Drop u dst src
006467  1               
006467  1               
006467  1  46 69 6C 6C   Header "Fill",0 ; ( caddr u byte -- ) fill u bytes starting at addr with byte
00646B  1  04 54 64     
00646E  1                 ; https://forth-standard.org/standard/core/FILL
00646E  1               Fill:
00646E  1  B4 32        	ldy PStack+2,x	; get u
006470  1  F0 16        	beq @9
006472  1  B5 30        	lda PStack+0,x	; get byte
006474  1  E2 20        	sep #P_M	; P_M= 8bit
006476  1  81 34        	sta (PStack+4,x); Save 1st fill byte
006478  1  C2 20        	rep #P_M	; P_M= 16bit
00647A  1  98           	tya
00647B  1  3A           	dea		; more to fill?
00647C  1  F0 0A        	beq @9
00647E  1  3A           	dea		; A=count-1-1
00647F  1  DA           	phx
006480  1  B4 34        	ldy PStack+4,x	; X= addr
006482  1  BB           	tyx
006483  1  C8           	iny		; Y= addr+1
006484  1  54 00 00     	mvn #0,#0
006487  1  FA           	plx
006488  1  4C A6 60     @9:	jmp ThreeDrop	; Drop e u caddr
00648B  1               
00648B  1               
00648B  1                 .if 0
00648B  1                Header "Erase",0 ; (adr u -- )  Fill with zeros
00648B  1                 ; https://forth-standard.org/standard/core/ERASE
00648B  1               Erase:	lda #0
00648B  1               EraseA:	dex
00648B  1               	dex
00648B  1               	sta PStack,x
00648B  1               	bra Fill
00648B  1               
00648B  1                Header "Blank",0 ; ( c-addr u -- )  Fill with blanks
00648B  1                 ; https://forth-standard.org/standard/string/BLANK
00648B  1               Blank:	lda #' '
00648B  1               	bra EraseA
00648B  1                 .endif
00648B  1               
00648B  1               ;==============================================================================
00648B  1               ; SECTION 7: Console I/O
00648B  1               
00648B  1               
00648B  1  58 6F 6E 58   Header "XonXoff",0 ; ( -- )  Set Xon/Xoff flag on M3 serial driver
00648F  1  6F 66 66 07  
006493  1  6E 64        
006495  1               XonXoff:
006495  1  A9 04 00     	lda #$04	; XONOFLG
006498  1  0C 43 00     	tsb a:$43	; SFLAG3
00649B  1  60           	rts
00649C  1               
00649C  1               
00649C  1                 .if 0
00649C  1                Header "OBuf",0 ; ( size -- ) Allocate new Mensch M3 output buffer
00649C  1               OBuf:	lda PStack,x
00649C  1               	ldy U_DP
00649C  1               	sta a:$3e ; Mensch monitor: SOUTCNT3
00649C  1               	sty a:$3c ; Mensch monitor: SOUTBUF3
00649C  1               	stz a:$38 ; Mensch monitor: SOUTINDX3
00649C  1               	stz a:$3a ; Mensch monitor: SOUTEND3
00649C  1               	jmp Allot
00649C  1                  .endif
00649C  1               
00649C  1               
00649C  1                 .if 0
00649C  1                Header "IBuf",0 ; ( size -- )  Allocate new Mensch M3 input buffer
00649C  1               IBuf:	lda PStack,x
00649C  1               	ldy U_DP
00649C  1               	jsr IBufA
00649C  1               	jmp Allot
00649C  1                  .endif
00649C  1               
00649C  1               
00649C  1                 .if 0
00649C  1                Header "IBufNorm",0 ; ( -- )  Revert to Mensch M3 input buffer
00649C  1               IBufNorm:
00649C  1               	lda #10
00649C  1               	ldy #ROM_IBUF3
00649C  1               IBufA:	sta a:$1e ; Mensch monitor: SINCNT3
00649C  1               	sty a:$1c ; Mensch monitor: SIN_BUF3
00649C  1               	stz a:$18 ; Mensch monitor: SININDX3
00649C  1               	stz a:$1a ; Mensch monitor: SINEND3
00649C  1               	rts
00649C  1                  .endif
00649C  1               
00649C  1               
00649C  1  4B 65 79 03   Header "Key",0 ; ( -- char ) receive character (blocking)
0064A0  1  95 64        
0064A2  1                 ; https://forth-standard.org/standard/core/KEY
0064A2  1  20 A8 64     Key:	jsr KeyA
0064A5  1  4C 44 60     	jmp PushA
0064A8  1               
0064A8  1               KeyA: ; returns char in A, calls '265 Mensch monitor
0064A8  1  08           	php
0064A9  1  0B           	phd		; GET_BYTE_FROM_PC requires direct page=0
0064AA  1  A9 00 00     	lda #0
0064AD  1  5B           	tcd
0064AE  1  E2 24        	sep #P_M+P_I	; GET_BYTE_FROM_PC requires P_M=8bit.
0064B0  1  22 33 E0 00  	jsl $e033	; GET_BYTE_FROM_PC
0064B4  1  2B           	pld
0064B5  1  B0 05        	bcs @2
0064B7  1  28           	plp
0064B8  1               	.a16
0064B8  1  29 FF 00     	and #$ff
0064BB  1  60           	rts
0064BC  1               
0064BC  1  28           @2:	plp
0064BD  1               	.a16
0064BD  1               ;	jsr Pause
0064BD  1  80 E9        	bra KeyA
0064BF  1               
0064BF  1               
0064BF  1  4B 65 79 3F   Header "Key?",0 ; ( -- flag ) non-blocking check for available input
0064C3  1  04 A2 64     
0064C6  1                 ; https://forth-standard.org/standard/facility/KEYq
0064C6  1  20 D1 64     KeyQ:	jsr KeyQA
0064C9  1  F0 03        	BEQ @7
0064CB  1  A9 FF FF     	LDA #$FFFF
0064CE  1  4C 44 60     @7:	jmp PushA
0064D1  1               
0064D1  1               KeyQA: ; returns P_Z, uses '265 Mensch monitor variables
0064D1  1  AD 43 00     	lda a:$43 ;SFLAG3
0064D4  1  29 01 00     	and #1 ;SFLG
0064D7  1  60           	rts
0064D8  1               
0064D8  1               
0064D8  1               ; Header "Emit?",0 ; ( -- flag )  ready to send a char?
0064D8  1                 ; https://forth-standard.org/standard/facility/EMITq
0064D8  1               
0064D8  1               
0064D8  1  45 6D 69 74   Header "Emit",0 ; ( char -- ) transmit character
0064DC  1  04 C6 64     
0064DF  1                 ; https://forth-standard.org/standard/core/EMIT
0064DF  1  B5 30        Emit:	lda PStack,x	; pop char
0064E1  1  E8           	inx
0064E2  1  E8           	inx
0064E3  1               
0064E3  1               EmitA: ; subroutine, char in A, calls '265 Mensch monitor
0064E3  1  48           	pha		; save char
0064E4  1  DA           @1:	phx		; save PSP
0064E5  1  08           	php		; save flags
0064E6  1  78           	sei
0064E7  1  22 63 E0 00  	jsl $e063 ;SEND_BYTE_TO_PC
0064EB  1  B0 04        	bcs @2		; failed (full)?
0064ED  1  28           	plp		; restore flags
0064EE  1  FA           	plx		; restore PSP
0064EF  1  68           	pla		; RDrop char
0064F0  1  60           	rts
0064F1  1               
0064F1  1  28           @2:	plp		; restore flags
0064F2  1  FA           	plx		; restore PSP
0064F3  1               ;	jsr Pause
0064F3  1  80 EF        	bra @1		; try again, maybe it's not full now
0064F5  1               
0064F5  1               
0064F5  1  43 52 02 DF   Header "CR",0 ; ( -- ) emit new line
0064F9  1  64           
0064FA  1                 ;  c-r  https://forth-standard.org/standard/core/CR
0064FA  1  A9 0D 00     CR:	lda #$0D	; CR
0064FD  1  20 E3 64     	jsr EmitA
006500  1  A9 0A 00     	lda #$0A	; LF
006503  1  80 DE        	bra EmitA
006505  1               
006505  1               
006505  1  53 70 61 63   Header "Space",0 ; ( -- ) emit a space
006509  1  65 05 FA 64  
00650D  1                 ; https://forth-standard.org/standard/core/SPACE
00650D  1  A9 20 00     Space:	lda #' '	; ASCII space
006510  1  80 D1        	bra EmitA
006512  1               
006512  1               
006512  1  53 70 61 63   Header "Spaces",0 ; ( n -- ) emit n spaces
006516  1  65 73 06 0D  
00651A  1  65           
00651B  1                 ; https://forth-standard.org/standard/core/SPACES
00651B  1               Spaces:
00651B  1  D6 30        @1:	dec PStack,x	; while n>0
00651D  1  30 05        	bmi @done
00651F  1  20 0D 65     	jsr Space
006522  1  80 F7        	bra @1		;  next
006524  1               
006524  1  E8           @done:	inx		; drop n
006525  1  E8           	inx
006526  1  60           	rts
006527  1               
006527  1               
006527  1  54 79 70 65   Header "Type",0 ; ( addr u -- ) transmit u characters from addr
00652B  1  04 1B 65     
00652E  1                 ; https://forth-standard.org/standard/core/TYPE
00652E  1  80 07        Type:	bra @8		; while u!=0
006530  1               
006530  1  A1 32        @1:	lda (PStack+2,x) ;   emit next char
006532  1  20 E3 64     	jsr EmitA
006535  1  F6 32        	inc PStack+2,x	;   inc addr
006537  1  D6 30        @8:	dec PStack+0,x	;   dec u
006539  1  10 F5        	bpl @1
00653B  1  4C A2 60     	jmp TwoDrop	; Drop u addr
00653E  1               
00653E  1               
00653E  1  41 63 63 65   Header "Accept",0 ; ( bufaddr buflen -- actualLen ) read a line from console into buffer
006542  1  70 74 06 2E  
006546  1  65           
006547  1                 ; https://forth-standard.org/standard/core/ACCEPT
006547  1  B5 32        Accept:	lda PStack+2,x	; save addr
006549  1  48           	pha
00654A  1  74 32        	stz PStack+2,x	; now current index
00654C  1               
00654C  1  20 A8 64     @getchar: jsr KeyA	; get console character
00654F  1  C9 0D 00     	CMP #$0D	; Handle CR → end of line
006552  1  F0 38        	BEQ @done
006554  1  C9 08 00     	CMP #$08	; Handle backspace
006557  1  F0 1C        	BEQ @backspace
006559  1  C9 7F 00     	CMP #$7F
00655C  1  F0 17        	BEQ @backspace
00655E  1               
00655E  1  B4 30        	ldy PStack+0,x	; get max size
006560  1  84 26        	sty Temp0
006562  1  B4 32        	ldy PStack+2,x	; Check buffer full
006564  1  C4 26        	cpy Temp0
006566  1  B0 E4        	bcs @getchar	; Ignore if full
006568  1               
006568  1  E2 20        	sep #P_M	; store char
00656A  1  93 01        	sta (1,s),y
00656C  1  C2 20        	rep #P_M
00656E  1  F6 32        	inc PStack+2,x
006570  1  20 E3 64     	jsr EmitA	; echo
006573  1  80 D7        	bra @getchar
006575  1               
006575  1               @backspace:
006575  1  B4 32        	ldy PStack+2,x	; current offset
006577  1  F0 D3        	beq @getchar	; Nothing to delete
006579  1  D6 32        	dec PStack+2,x	; back up
00657B  1  A9 08 00     	lda #$08	; Echo backspace-space-backspace
00657E  1  20 E3 64     	jsr EmitA
006581  1  20 0D 65     	jsr Space
006584  1  A9 08 00     	lda #$08
006587  1  20 E3 64     	jsr EmitA
00658A  1  80 C0        	bra @getchar
00658C  1               
00658C  1               @done:
00658C  1  E8           	inx		; Drop max len
00658D  1  E8           	inx
00658E  1  68           	pla		; RDrop buf ptr
00658F  1               ;	jmp CR		; Echo newline
00658F  1  60           	rts
006590  1               
006590  1               
006590  1  2E 48 65 78   Header ".Hex",0 ; ( n -- ) Print TOS as hex
006594  1  04 47 65     
006597  1  B5 31        DotHex:	lda PStack+1,x	; do hi byte
006599  1  20 AA 65     	jsr CDotHexA
00659C  1  80 08        	bra CDotHex	; do lo byte
00659E  1               
00659E  1               
00659E  1  43 2E 48 65   Header "C.Hex",0 ; ( n -- ) Print TOS as 2-digit hex
0065A2  1  78 05 97 65  
0065A6  1               CDotHex:
0065A6  1  B5 30        	lda PStack,x	; do lo byte
0065A8  1  E8           	inx		; Drop n
0065A9  1  E8           	inx
0065AA  1               
0065AA  1               CDotHexA: ; type byte in A as hex
0065AA  1  48           	pha		; do hi nibble
0065AB  1  4A           	lsr a
0065AC  1  4A           	lsr a
0065AD  1  4A           	lsr a
0065AE  1  4A           	lsr a
0065AF  1  20 B3 65     	jsr NDotHexA
0065B2  1  68           	pla		; do lo nibble
0065B3  1               NDotHexA:
0065B3  1  29 0F 00     	AND #$F		; convert to ASCII
0065B6  1  C9 0A 00     	CMP #10
0065B9  1  90 03        	bcc @hdigit
0065BB  1  69 06 00     	ADC #6 ;'A'-10-1
0065BE  1  69 30 00     @hdigit: ADC #'0'
0065C1  1  4C E3 64     	jmp EmitA
0065C4  1               
0065C4  1               
0065C4  1  55 2E 02 A6   Header "U.",0 ; ( u -- )  print as unsigned number
0065C8  1  65           
0065C9  1                 ; https://forth-standard.org/standard/core/Ud
0065C9  1  B5 30        UDot:	LDA PStack,X
0065CB  1  E8           	INX
0065CC  1  E8           	INX
0065CD  1  20 D3 65     	JSR print_udec
0065D0  1  4C 0D 65     	jmp Space
0065D3  1               
0065D3  1               
0065D3  1               print_udec: ; subroutine: Print A as unsigned number
0065D3  1                 ; Uses repeated division by BASE
0065D3  1  85 24        	sta W
0065D5  1  F4 00 00     	pea 0		; end-of-digits marker
0065D8  1               @div_loop:
0065D8  1               
0065D8  1               	; Simple 16-bit divide by BASE
0065D8  1  A9 00 00     	lda #0
0065DB  1  06 24        	asl W
0065DD  1  A0 10 00     	ldy #16
0065E0  1  2A           @div2:	rol a
0065E1  1  C5 00        	CMP U_Base
0065E3  1  90 02        	bcc @div5
0065E5  1  E5 00        	sbc U_Base
0065E7  1  26 24        @div5:	rol W
0065E9  1  88           	dey
0065EA  1  D0 F4        	bne @div2
0065EC  1               ; A= remainder (digit), W= quotient
0065EC  1               
0065EC  1  C9 0A 00     	CMP #10
0065EF  1  90 03        	bcc @dec7
0065F1  1  69 06 00     	adc #6
0065F4  1  69 30 00     @dec7:	ADC #'0'
0065F7  1  48           	PHA		;   Push digit char onto HW stack
0065F8  1               
0065F8  1  A5 24        	LDA W		;  until done
0065FA  1  D0 DC        	bne @div_loop
0065FC  1               
0065FC  1  80 03        	bra @print8	; Print digits from stack (they're in reverse order)
0065FE  1  20 E3 64     @print2: jsr EmitA
006601  1  68           @print8: pla
006602  1  D0 FA        	bne @print2
006604  1               
006604  1  60           	rts
006605  1               
006605  1               
006605  1  2E 01 C9 65   Header ".",0 ; ( n -- ) print signed number
006609  1                 ; https://forth-standard.org/standard/core/d
006609  1  B5 30        Dot:	lda PStack,x	; negative?
00660B  1  10 09        	bpl @4
00660D  1  20 74 61     	jsr Negate	;   negate
006610  1  A9 2D 00     	lda #'-'	;   print minus
006613  1  20 E3 64     	jsr EmitA
006616  1  80 B1        @4:	bra UDot	; Print unsigned value
006618  1               
006618  1               
006618  1               ;==============================================================================
006618  1               ; SECTION 8: INNER INTERPRETER (but STC doesn't have one)
006618  1               
006618  1               
006618  1  45 78 65 63   Header "Execute",0 ; ( xt -- ) execute word by execution token
00661C  1  75 74 65 07  
006620  1  09 66        
006622  1                 ; https://forth-standard.org/standard/core/EXECUTE
006622  1               Execute:
006622  1  B5 30        	LDA PStack,X	; pop xt
006624  1  E8           	INX
006625  1  E8           	INX
006626  1               ExecuteA:  ; jmp to (A)
006626  1  3A           	dea
006627  1  48           	pha
006628  1  60           	rts
006629  1               
006629  1               
006629  1  45 78 69 74   Header "Exit",F_Immediate ; ( -- ) compile return from current colon definition
00662D  1  84 22 66     
006630  1                 ; https://forth-standard.org/standard/core/EXIT
006630  1  A9 60 00     Exit:	lda #$60	; rts
006633  1  4C 80 67     	jmp CCommaA
006636  1               
006636  1               
006636  1               ;----------------------------------------------
006636  1               ; f If xxx Then  \ if f is true then execute xxx
006636  1               ; f If xxx Else yyy Then  \ if f is true then execute xxx else execute yyy
006636  1               
006636  1  49 66 82 30   Header "If",F_Immediate ; ( -- patch_addr )  Compile an If
00663A  1  66           
00663B  1  A9 47 66     If:	lda #DoIf		; compile jsr DoIf
00663E  1  20 93 67     	jsr CompileCommaA
006641  1  20 4C 67     	jsr Here		; remember addr patch location
006644  1  4C A8 67     	jmp JmpCommaA		; compile jmp abs
006647  1               
006647  1               DoIf: ; ( f -- )  "If" runtime
006647  1  E8           	inx		; pop f
006648  1  E8           	inx
006649  1  B5 2E        	lda PStack-2,x
00664B  1  F0 05        	beq @7		; fall into jmp around
00664D  1  7A           	ply		; skip over jmp around
00664E  1  C8           	iny
00664F  1  C8           	iny
006650  1  C8           	iny
006651  1  5A           	phy
006652  1  60           @7:	rts
006653  1               
006653  1               
006653  1               ; Header "0Branch",0 ; ( flag -- ) branch if flag is zero (compiled word)
006653  1               ;ZBranch:
006653  1               
006653  1               
006653  1               ZBranchTest: ; ( flag -- )  test flag
006653  1  E8           	inx		; pop flag
006654  1  E8           	inx
006655  1  B5 2E        	lda PStack-2,x	; set CPU flags
006657  1  60           	rts
006658  1               
006658  1               
006658  1  45 6C 73 65   Header "Else",F_Immediate ; ( patch_addr -- patch2_addr ) Compile "Else"
00665C  1  84 3B 66     
00665F  1  20 4C 67     Else:	jsr Here	; remember patch2 addr
006662  1  20 A8 67     	jsr JmpCommaA	; compile jmp abs
006665  1  20 5A 60     	jsr Swap
006668  1  80 07        	bra Then	; update jmp
00666A  1               
00666A  1               
00666A  1  54 68 65 6E   Header "Then",F_Immediate ; ( patch_addr -- )  Compile "Then"
00666E  1  84 5F 66     
006671  1  B4 30        Then:	ldy PStack,x	; pop addr
006673  1  E8           	inx
006674  1  E8           	inx
006675  1  A5 04        	lda U_DP	; patch jmp around
006677  1  99 01 00     	sta a:1,y
00667A  1  60           	rts
00667B  1               
00667B  1               
00667B  1               ;---------------------------------------------
00667B  1               ; BEGIN xxx AGAIN  \ infinite loop
00667B  1               ; BEGIN xxx f UNTIL \ until f is true
00667B  1               ; BEGIN xxx f WHILE yyy REPEAT \ while f is true
00667B  1               ; see A.3.2.3 for more complex combinations
00667B  1               
00667B  1  42 65 67 69   Header "Begin",F_Immediate ; ( -- rev_addr )  Compile "Begin"
00667F  1  6E 85 71 66  
006683  1                 ; https://forth-standard.org/standard/core/BEGIN
006683  1  4C 4C 67     Begin:	jmp Here	; remember rev_addr
006686  1               
006686  1               
006686  1  41 67 61 69   Header "Again",F_Immediate ; ( rev_addr -- )  Compile "Again"
00668A  1  6E 85 83 66  
00668E  1                 ; https://forth-standard.org/standard/core/AGAIN
00668E  1  4C A4 67     Again:	jmp JmpComma	; compile jmp rev_addr
006691  1               
006691  1               
006691  1  55 6E 74 69   Header "Until",F_Immediate ; ( rev_addr -- )  Compile "Until"
006695  1  6C 85 8E 66  
006699  1                 ; http://forth-standard.org/standard/core/UNTIL
006699  1  A9 47 66     Until:	lda #DoIf	; compile jsr DoIf
00669C  1  20 93 67     	jsr CompileCommaA
00669F  1  80 ED        	bra Again	; compile jmp rev_addr
0066A1  1               
0066A1  1               
0066A1  1  57 68 69 6C   Header "While",F_Immediate ; ( rev_addr -- rev_addr fwd_addr )  Compile "While"
0066A5  1  65 85 99 66  
0066A9  1                 ; http://forth-standard.org/standard/core/WHILE
0066A9  1  A9 47 66     While:	lda #DoIf	; compile jsr @Run
0066AC  1  20 93 67     	jsr CompileCommaA
0066AF  1  20 4C 67     	jsr Here	; remember fwd_addr
0066B2  1  4C A8 67     	jmp JmpCommaA	; compile jmp abs
0066B5  1               
0066B5  1               
0066B5  1  52 65 70 65   Header "Repeat",F_Immediate ; ( rev_addr fwd_addr -- )  Compile "Repeat"
0066B9  1  61 74 86 A9  
0066BD  1  66           
0066BE  1                 ; http://forth-standard.org/standard/core/REPEAT
0066BE  1  B5 32        Repeat:	lda PStack+2,x	; compile jmp rev
0066C0  1  20 A8 67     	jsr JmpCommaA
0066C3  1  B4 30        	ldy PStack+0,x	; patch jmp fwd
0066C5  1  A5 04        	lda U_DP
0066C7  1  99 01 00     	sta a:1,y
0066CA  1  4C A2 60     	jmp TwoDrop	; Drop fwd_addr rev_addr
0066CD  1               
0066CD  1               
0066CD  1               ;--------------------------------------------------
0066CD  1               ; single cell DO words
0066CD  1               ; Do xxx Loop  \ increment by 1
0066CD  1               ; Do xxx n +Loop  \ signed increment
0066CD  1               ; Do xxx u /Loop  \ unsigned increment
0066CD  1               ; See also: Bounds ?Do I Leave ?Leave Unloop
0066CD  1               
0066CD  1               
0066CD  1  44 6F 82 BE   Header "Do",F_Immediate ; ( -- back_addr )  Compile a DO
0066D1  1  66           
0066D2  1                 ; https://forth-standard.org/standard/core/DO
0066D2  1  A9 20 61     Do:	lda #TwoToR
0066D5  1  20 93 67     	jsr CompileCommaA
0066D8  1  4C 4C 67     	jmp Here	; remember back_addr
0066DB  1               
0066DB  1               
0066DB  1  4C 6F 6F 70   Header "Loop",F_Immediate ; ( back-addr -- )  Compile LOOP
0066DF  1  84 D2 66     
0066E2  1                 ; https://forth-standard.org/standard/core/LOOP
0066E2  1  A9 EB 66     Loop:	lda #@Run	; compile jsr DoLoop
0066E5  1  20 93 67     	jsr CompileCommaA
0066E8  1  4C A4 67     	jmp JmpComma	; compile jmp back
0066EB  1               
0066EB  1               
0066EB  1               @Run: ; ( -- ) (R: limit index -- | limit index+1)  runtime for LOOP
0066EB  1  A3 03        	lda 3,s		; get index
0066ED  1  1A           	ina
0066EE  1  C3 05        	cmp 5,s		; limit == index+1?
0066F0  1  F0 03        	beq DoLoopDone	; Loop finished?
0066F2  1  83 03        	sta 3,s		; Put updated index back
0066F4  1  60           	rts		; falls into jmp back
0066F5  1               
0066F5  1               DoLoopDone:
0066F5  1  7A           	ply		; save rts addr
0066F6  1  68           	pla		; RDrop index
0066F7  1  68           	pla		; RDrop limit
0066F8  1  C8           	iny		; Skip jmp back
0066F9  1  C8           	iny
0066FA  1  C8           	iny
0066FB  1  5A           	phy		; put rts addr back
0066FC  1  60           	rts
0066FD  1               
0066FD  1               
0066FD  1  2B 4C 6F 6F   Header "+Loop",F_Immediate ; ( back-addr -- )  Compile +Loop
006701  1  70 85 E2 66  
006705  1                 ; https://forth-standard.org/standard/core/PlusLOOP
006705  1               PlusLoop:
006705  1  A9 0E 67     	lda #@Run	; compile jsr @Run
006708  1  20 93 67     	jsr CompileCommaA
00670B  1  4C A4 67     	jmp JmpComma	; compile jmp back
00670E  1               
00670E  1               
00670E  1               @Run: ; (R: limit index -- | limit index+n)  runtime for +LOOP
00670E  1  B5 30        	lda PStack,x	; pop n
006710  1  E8           	inx
006711  1  E8           	inx
006712  1  85 24        	sta W		; save a copy
006714  1  18           	clc		; add to index
006715  1  63 03        	adc 3,s
006717  1  83 03        	sta 3,s
006719  1  38           	sec		; compare to limit
00671A  1  E3 05        	sbc 5,s
00671C  1  C5 24        	cmp W		; compare with n
00671E  1  6A           	ror a
00671F  1  45 24        	eor W
006721  1  10 D2        	bpl DoLoopDone
006723  1  60           	rts		; fall into jmp back
006724  1               
006724  1               
006724  1  55 6E 6C 6F   Header "Unloop",F_Immediate ; ( -- ) (R: limit index -- ) discard DO loop parameters
006728  1  6F 70 86 05  
00672C  1  67           
00672D  1                 ; https://forth-standard.org/standard/core/UNLOOP
00672D  1  A9 68 68     Unloop: lda #$6868	; pla; pla	; RDrop index; RDrop limit
006730  1  4C 6B 67     	jmp CommaA
006733  1               
006733  1               
006733  1  49 01 2D 67   Header "I",0 ; ( -- n ) (R: limit index -- limit index) copy loop index
006737  1                 ; https://forth-standard.org/standard/core/TwoRFetch
006737  1  A3 03        I:	lda 3,s		; index
006739  1  4C 44 60     	jmp PushA
00673C  1               
00673C  1               
00673C  1  4A 01 37 67   Header "J",0 ; ( -- n ) ( R: 2limit 2index 1limit 1index ) copy 2nd loop index
006740  1                 ; https://forth-standard.org/standard/core/J
006740  1  A3 07        J:	lda 7,s		; 2nd index
006742  1  4C 44 60     	jmp PushA
006745  1               
006745  1               ;==============================================================================
006745  1               ; SECTION 9: DICTIONARY
006745  1               
006745  1               
006745  1               ;  Header "Unused",0 ; ( -- u )  return the space remaining in the region addressed by HERE
006745  1                 ; https://forth-standard.org/standard/core/UNUSED
006745  1               
006745  1               
006745  1  48 65 72 65   Header "Here",0 ; ( -- addr ) current dictionary pointer
006749  1  04 40 67     
00674C  1                 ; https://forth-standard.org/standard/core/HERE
00674C  1  A5 04        Here:	lda U_DP
00674E  1  4C 44 60     	jmp PushA
006751  1               
006751  1               
006751  1               ; Header "Pad",0 ; ( -- c-addr )  Return transient region
006751  1                 ; https://forth-standard.org/standard/core/PAD
006751  1               
006751  1               
006751  1  41 6C 6C 6F   Header "Allot",0 ; ( n -- ) advance dictionary pointer by n bytes
006755  1  74 05 4C 67  
006759  1                 ; https://forth-standard.org/standard/core/ALLOT
006759  1  B5 30        Allot:	lda PStack,x	; pop n
00675B  1  E8           	inx
00675C  1  E8           	inx
00675D  1  18           AllotA:	clc
00675E  1  65 04        	adc U_DP	; DP += n
006760  1  85 04        	sta U_DP
006762  1  60           	rts
006763  1               
006763  1               
006763  1  2C 01 59 67   Header ",",0 ; ( val -- ) compile cell into dictionary
006767  1                 ; https://forth-standard.org/standard/core/Comma
006767  1  B5 30        Comma:	lda PStack,x		; pop val
006769  1  E8           	inx
00676A  1  E8           	inx
00676B  1               CommaA: ; A=val to compile
00676B  1  92 04        	sta (U_DP)	; store val
00676D  1  E6 04        	inc U_DP	; update DP
00676F  1  E6 04        Comma3:	inc U_DP
006771  1  A9 00 00     	lda #0		; help debugging
006774  1  92 04        	sta (U_DP)
006776  1  60           	rts
006777  1               
006777  1               
006777  1  43 2C 02 67   Header "C,",0 ; ( byte -- ) compile byte into dictionary
00677B  1  67           
00677C  1                 ; https://forth-standard.org/standard/core/CComma
00677C  1  B5 30        CComma:	lda PStack,x		; pop byte
00677E  1  E8           	inx
00677F  1  E8           	inx
006780  1               CCommaA: ; A=val to compile
006780  1  92 04        	sta (U_DP)	; save val
006782  1  80 EB        	bra Comma3
006784  1               
006784  1               
006784  1  43 6F 6D 70   Header "Compile,",0 ; ( xt -- )  Compile a jsr abs
006788  1  69 6C 65 2C  
00678C  1  08 7C 67     
00678F  1                 ; https://forth-standard.org/standard/core/COMPILEComma
00678F  1               CompileComma:
00678F  1  B5 30        	lda PStack,x	; pop xt
006791  1  E8           	inx
006792  1  E8           	inx
006793  1               CompileCommaA:
006793  1  48           	pha
006794  1  A9 20 00     	lda #$20	; jsr abs
006797  1               CompileComma3:
006797  1  20 80 67     	jsr CCommaA
00679A  1  68           	pla
00679B  1  80 CE        	bra CommaA
00679D  1               
00679D  1               
00679D  1  4A 6D 70 2C   Header "Jmp,",0 ; ( xt -- )  compile a jmp abs
0067A1  1  04 8F 67     
0067A4  1  B5 30        JmpComma: lda PStack,x	; pop xt
0067A6  1  E8           	inx
0067A7  1  E8           	inx
0067A8  1               JmpCommaA:
0067A8  1  48           	pha
0067A9  1  A9 4C 00     	lda #$4c	; jmp abs
0067AC  1  80 E9        	bra CompileComma3
0067AE  1               
0067AE  1               
0067AE  1  4C 64 61 23   Header "Lda#,",0 ; ( n -- )  compile lda #
0067B2  1  2C 05 A4 67  
0067B6  1               LdaIComma:
0067B6  1  A9 A9 00      	lda #$a9		; lda #
0067B9  1  20 80 67     	jsr CCommaA
0067BC  1  80 A9        	bra Comma
0067BE  1               
0067BE  1               
0067BE  1  4C 69 74 65   Header "Literal",F_Immediate ; ( n -- )  Compile inline constant
0067C2  1  72 61 6C 87  
0067C6  1  B6 67        
0067C8  1               Literal:
0067C8  1  20 B6 67     	jsr LdaIComma		; compile lda #
0067CB  1  A9 44 60     	lda #PushA		; compile jsr PushA
0067CE  1  80 C3        	bra CompileCommaA
0067D0  1               
0067D0  1               
0067D0  1               ; Header "String,",0  ; ( caddr len -- ) compile a string
0067D0  1               StringComma:
0067D0  1  B5 30        	lda PStack+0,x
0067D2  1  20 6B 67     	jsr CommaA	; compile length
0067D5  1  20 4C 67     	jsr Here
0067D8  1  20 5A 60     	jsr Swap
0067DB  1  B5 30        	lda PStack+0,x
0067DD  1  20 5D 67     	jsr AllotA
0067E0  1  4C 54 64     	jmp CMove	; compile chars
0067E3  1               
0067E3  1               
0067E3  1  48 65 61 64   Header "Header,",0 ; ( addr len -- )  Compile a word header
0067E7  1  65 72 2C 07  
0067EB  1  C8 67        
0067ED  1               HeaderComma:
0067ED  1  B4 30        	ldy PStack+0,x	; compile name string
0067EF  1  5A           @name1:	phy
0067F0  1  A1 32        	lda (PStack+2,x)
0067F2  1  F6 32        	inc PStack+2,x
0067F4  1  20 80 67     	jsr CCommaA
0067F7  1  7A           	ply
0067F8  1  88           	dey
0067F9  1  D0 F4        	bne @name1
0067FB  1               
0067FB  1  B5 30        	lda PStack+0,x	; compile flags & length byte
0067FD  1  20 80 67     	jsr CCommaA
006800  1               
006800  1  A5 06        	lda U_Latest	; compile dictionary link
006802  1  20 6B 67     	jsr CommaA
006805  1               
006805  1  A5 04        	lda U_DP	; link into dictionary chain
006807  1  85 06        	sta U_Latest
006809  1               
006809  1  4C A2 60     	jmp TwoDrop	; drop len addr
00680C  1               
00680C  1               
00680C  1  49 6D 6D 65   Header "Immediate",F_Immediate ; ( -- ) set immediate flag on latest word
006810  1  64 69 61 74  
006814  1  65 89 ED 67  
006818  1                 ; https://forth-standard.org/standard/core/IMMEDIATE
006818  1               Immediate:
006818  1  A9 80 00     	lda #F_Immediate
00681B  1  A4 06        	ldy U_Latest	; point at flags & length byte
00681D  1  88           	dey
00681E  1  88           	dey
00681F  1  88           	dey
006820  1  19 00 00     	ora a:0,y	; set bits
006823  1  99 00 00     	sta a:0,y
006826  1  60           	rts
006827  1               
006827  1               
006827  1  4E 61 6D 65   Header "Name>String",0 ; ( nt -- c-addr u )  Given a name token, return name as a string
00682B  1  3E 53 74 72  
00682F  1  69 6E 67 0B  
006833  1  18 68        
006835  1                 ; https://forth-standard.org/standard/tools/NAMEtoSTRING
006835  1               NameToString:
006835  1  B4 30        	ldy PStack,x	; Y= nt
006837  1  88           	dey
006838  1  88           	dey
006839  1  88           	dey
00683A  1  B9 00 00     	lda a:0,y	; get flags & length
00683D  1  29 1F 00     	and #F_LengthMask
006840  1  48           	pha		; save length
006841  1  98           	tya		; calc name start addr
006842  1  38           	sec
006843  1  E3 01        	sbc 1,s
006845  1  95 30        	sta PStack,x	; save c-addr
006847  1  68           	pla		; get length back
006848  1  4C 44 60     	jmp PushA
00684B  1               
00684B  1               
00684B  1  57 6F 72 64   Header "Words",0 ; ( -- )  Walk dictionary and print names
00684F  1  73 05 35 68  
006853  1                ; https://forth-standard.org/standard/tools/WORDS
006853  1  A5 06        Words:	lda U_Latest		; for each word
006855  1  F0 17        @wloop:	beq @wdone
006857  1  48           	pha
006858  1               
006858  1  20 0D 65     	jsr Space
00685B  1  A3 01        	lda 1,s
00685D  1  20 44 60     	jsr PushA		;   print name
006860  1  20 35 68     	jsr NameToString
006863  1  20 2E 65     	jsr Type
006866  1               
006866  1  7A           	ply
006867  1  88           	dey
006868  1  88           	dey
006869  1  B9 00 00     	lda a:0,y		;  next
00686C  1  80 E7        	bra @wloop
00686E  1               
00686E  1               @wdone:
00686E  1  4C FA 64     	jmp CR
006871  1               
006871  1               
006871  1  53 65 61 72   Header "Search-WordList",0 ; ( caddr u wid -- 0 | xt 1 | xt -1)  "Search for a word in a wordlist"
006875  1  63 68 2D 57  
006879  1  6F 72 64 4C  
00687D  1  69 73 74 0F  
006881  1  53 68        
006883  1                 ; https://forth-standard.org/standard/search/SEARCH_WORDLIST
006883  1                 ; Find the definition named in the string.
006883  1                 ; If the definition is not found, return zero.
006883  1                 ; If the definition is found, return its execution token xt.
006883  1                 ; If the definition is immediate, also return one (1), otherwise also return minus-one (-1).
006883  1               Search_WordList:
006883  1               @HdrPtr	= Temp0  ; ptr to current word Header (-@Off)
006883  1               @Quick	= Temp2  ; pattern last char & length
006883  1               @StartY = Temp4  ; char compare start offset
006883  1               @PatPtr = Temp6  ; ptr to pattern addr
006883  1               @Off = $83 ; Chosen so 8-bit Y turns negative as we step off the end of the name chars.
006883  1               		; @Off is used because the 65816 doesn't do negative indexes.
006883  1  A9 7F 00     	lda #@Off-3-1	; char compare start offset
006886  1  38           	sec
006887  1  F5 32        	sbc PStack+2,x
006889  1  85 2A        	sta @StartY
00688B  1               
00688B  1  B5 34        	lda PStack+4,x	; ptr to pattern
00688D  1  18           	clc
00688E  1  E5 2A        	sbc @StartY
006890  1  85 2C        	sta @PatPtr
006892  1               
006892  1  E2 20        	sep #P_M	; build @Quick
006894  1  B5 32        	lda PStack+2,x	;   get pattern length
006896  1  EB           	xba		;     in hi byte
006897  1  A0 7F 00     	ldy #@Off-4	; get pattern last char
00689A  1  B1 2C        	lda (@PatPtr),y
00689C  1  C2 20        	rep #P_M
00689E  1  85 28        	sta @Quick
0068A0  1               
0068A0  1  B5 30        	lda PStack+0,x	; A= wid (wordlist head pointer)
0068A2  1  80 07        	bra @WCur
0068A4  1               
0068A4  1  C2 30        @WNxt:	rep #P_M|P_X
0068A6  1  A4 26        	ldy @HdrPtr	; Y= header pointer
0068A8  1  B9 81 00     @WNxtY:	lda a:@Off-2,y	; follow link to next header
0068AB  1  F0 4A        @WCur:	beq @nfnd	;   end of chain?
0068AD  1  38           	sec		; apply offset
0068AE  1  E9 83 00     	sbc #@Off
0068B1  1  A8           	tay
0068B2  1  B9 7F 00     	lda a:@Off-4,y	; check length & smudge & last char
0068B5  1  45 28        	eor @Quick
0068B7  1  29 DF 5F     	and #F_LengthMask<<8+F_Hidden<<8+$df
0068BA  1  D0 EC        	bne @WNxtY
0068BC  1               
0068BC  1  84 26        	sty @HdrPtr	; save header pointer
0068BE  1  E2 30        	sep #P_M|P_X
0068C0  1  A4 2A        	ldy @StartY	; for each char in name
0068C2  1  C8           @NNxt:	iny
0068C3  1  30 17        	bmi @fnd
0068C5  1  B1 26        	lda (@HdrPtr),y	;   compare char
0068C7  1  51 2C        	eor (@PatPtr),y
0068C9  1  F0 F7        	beq @NNxt	;   exact match?
0068CB  1  29 DF        	and #$df	;   more difference than a case mismatch?
0068CD  1  D0 D5        	bne @WNxt
0068CF  1  B1 26        	lda (@HdrPtr),y	;   is it a letter?
0068D1  1  29 DF        	and #$df
0068D3  1  38           	sec
0068D4  1  E9 41        	sbc #'A'
0068D6  1  C9 1A        	cmp #'Z'-'A'+1
0068D8  1  90 E8        	bcc @NNxt
0068DA  1  80 C8        	bra @WNxt
0068DC  1               
0068DC  1               @fnd:			;found the word
0068DC  1  C2 30        	rep #P_M|P_X
0068DE  1  A0 7F 00     	ldy #@Off-3-1	; set flag
0068E1  1  B1 26        	lda (@HdrPtr),y
0068E3  1  09 FF 7F     	ora #$7fff
0068E6  1  30 03        	bmi @fnd2
0068E8  1  A9 01 00     	lda #1
0068EB  1  95 32        @fnd2:	sta PStack+2,x
0068ED  1  A5 26        	lda @HdrPtr	; set xt
0068EF  1  18           	clc
0068F0  1  69 83 00     	adc #@Off
0068F3  1  95 34        	sta PStack+4,x
0068F5  1  80 04        	bra @99
0068F7  1               
0068F7  1               @nfnd:			;word not found
0068F7  1  74 34        	stz PStack+4,x	; set flag
0068F9  1  E8           	inx		; drop len
0068FA  1  E8           	inx
0068FB  1  E8           @99:	inx		; drop wid
0068FC  1  E8           	inx
0068FD  1  60           	rts
0068FE  1               
0068FE  1               
0068FE  1  27 01 83 68   Header "'",0 ; ( "name" -- xt )  find a word
006902  1  20 AD 6B     Tick:	jsr Parse_Name		; get name
006905  1  A5 06        	lda U_Latest		; search for it
006907  1  20 44 60     	jsr PushA
00690A  1  20 83 68     	jsr Search_WordList
00690D  1  20 53 66     	jsr ZBranchTest		; if not found...
006910  1  F0 01        	beq @NotFound
006912  1  60           	rts
006913  1               
006913  1               @NotFound:
006913  1  20 4F 6C     	jsr Abort
006916  1               
006916  1               
006916  1  43 6F 6E 73   Header "Constant",0 ; ( "name" n -- )  Define a constant word
00691A  1  74 61 6E 74  
00691E  1  08 02 69     
006921  1                 ; https://forth-standard.org/standard/core/CONSTANT
006921  1               Constant:
006921  1  20 AD 6B     	jsr Parse_Name	; get name
006924  1  20 ED 67     	jsr HeaderComma	; compile header
006927  1  20 B6 67     	jsr LdaIComma	; compile lda #
00692A  1  A9 44 60     	lda #PushA	; compile jmp PushA
00692D  1  4C A8 67     	jmp JmpCommaA
006930  1               
006930  1               
006930  1  56 61 72 69   Header "Variable",0 ; ( "name" -- )  Define a variable word
006934  1  61 62 6C 65  
006938  1  08 21 69     
00693B  1                 ; https://forth-standard.org/standard/core/VARIABLE
00693B  1               Variable:
00693B  1  20 4D 69     	jsr Create
00693E  1  A9 00 00     	lda #0
006941  1  4C 6B 67     	jmp CommaA	; allot & init data cell
006944  1               
006944  1               
006944  1               ; Header "Smudge",0 ; ( -- )
006944  1               
006944  1               
006944  1  43 72 65 61   Header "Create",0 ; ( "name" -- )  Create a word that pushes the addr of it's parameter field
006948  1  74 65 06 3B  
00694C  1  69           
00694D  1                 ; https://forth-standard.org/standard/core/CREATE
00694D  1  20 AD 6B     Create: jsr Parse_Name		; get name
006950  1  20 ED 67     	jsr HeaderComma		; compile word header
006953  1  A9 59 69     	lda #@DoVar		; compile jsr @DoVar
006956  1  4C 93 67     	jmp CompileCommaA
006959  1               
006959  1               
006959  1               @DoVar: ; Pushes the address of the word body onto parameter stack.
006959  1  68           	pla		; get rts addr
00695A  1  1A           	ina		; move to body (after jsr)
00695B  1  4C 44 60     	jmp PushA	; Push onto parameter stack
00695E  1               
00695E  1               
00695E  1  44 6F 65 73   Header "Does>", F_Immediate ;
006962  1  3E 85 4D 69  
006966  1                 ; https://forth-standard.org/standard/core/DOES
006966  1                 ; Example:
006966  1                 ;	: abc Create , Does> @ . ;  \ define word abc
006966  1                 ;	22 abc def  \ use abc to define word def
006966  1  A9 78 69     Does:	lda #@Patch		; compile jsr @Patch into abc
006969  1  20 93 67     	jsr CompileCommaA
00696C  1               				; start compiling code after Does> into abc
00696C  1  A9 68 1A     	lda #$1a68		; compile: pla; ina	get addr of body of def
00696F  1  20 6B 67     	jsr CommaA
006972  1  A9 44 60     	lda #PushA		; compile jsr PushA
006975  1  4C 93 67     	jmp CompileCommaA
006978  1               
006978  1  68           @Patch:	pla			; get addr of code after Does> in abc
006979  1  1A           	ina
00697A  1  A4 06        	ldy U_Latest		; patch jsr DoVar compiled by Create in def
00697C  1  99 01 00     	sta a:1,y
00697F  1  60           	rts			; return to caller of word containing Does>
006980  1               
006980  1               
006980  1  2E 22 82 66   Header '."',F_Immediate ; ( string" -- )  Type a string literal
006984  1  69           
006985  1                 ; https://forth-standard.org/standard/core/Dotq
006985  1               DotQuote:
006985  1  20 66 6B     	jsr ParseQuote		; get string
006988  1  A5 02        	lda U_State
00698A  1  F0 09        	beq @interp		; if compiling
00698C  1               
00698C  1  A9 98 69     	lda #DotQuoteRun	; compile jsr DotQuoteRun
00698F  1  20 93 67     	jsr CompileCommaA
006992  1  4C D0 67     	jmp StringComma		; compile string length & chars
006995  1               
006995  1  4C 2E 65     @interp: jmp Type		; type the string
006998  1               
006998  1               
006998  1               DotQuoteRun:
006998  1  20 9E 69     	jsr @GetInlineString
00699B  1  4C 2E 65     	jmp Type
00699E  1               
00699E  1               
00699E  1               @GetInlineString: ; ( -- caddr len )
00699E  1  A3 03        	lda 3,s		; get caller's caller's rts addr
0069A0  1  A8           	tay
0069A1  1  C8           	iny
0069A2  1  B9 00 00     	lda a:0,y	; get length
0069A5  1  C8           	iny		; skip over length
0069A6  1  C8           	iny
0069A7  1  CA           	dex		; push caddr
0069A8  1  CA           	dex
0069A9  1  94 30        	sty PStack,x
0069AB  1  CA           	dex		; push len
0069AC  1  CA           	dex
0069AD  1  95 30        	sta PStack,x
0069AF  1  18           	clc		; skip over chars
0069B0  1  75 32        	adc PStack+2,x
0069B2  1  3A           	dea		; update rts addr
0069B3  1  83 03        	sta 3,s
0069B5  1  60           	rts
0069B6  1               
0069B6  1               
0069B6  1  53 22 82 85   Header 'S"',F_Immediate ; ( -- caddr len )  create a string literal
0069BA  1  69           
0069BB  1                 ; https://forth-standard.org/standard/core/Sq
0069BB  1  20 66 6B     SQuote: jsr ParseQuote	; get string
0069BE  1  A5 02        	lda U_State
0069C0  1  F0 09        	beq @interp	; if compiling
0069C2  1               
0069C2  1  A9 E5 69     	lda #GetInlineString
0069C5  1  20 93 67     	jsr CompileCommaA
0069C8  1  4C D0 67     	jmp StringComma
0069CB  1               
0069CB  1  B5 30        @interp: lda PStack+0,x
0069CD  1  48           	pha		; save length
0069CE  1  D4 04        	pei (U_DP)	; save addr
0069D0  1  20 4C 67     	jsr Here
0069D3  1  20 5A 60     	jsr Swap
0069D6  1  B5 30        	lda PStack+0,x
0069D8  1  20 5D 67     	jsr AllotA
0069DB  1  20 54 64     	jsr CMove	; copy string
0069DE  1  20 30 61     	jsr RFrom
0069E1  1  20 30 61     	jsr RFrom	; stack caddr & len
0069E4  1  60           	rts
0069E5  1               
0069E5  1               GetInlineString: ; ( -- caddr len )
0069E5  1  7A           	ply		; get rts addr
0069E6  1  B9 01 00     	lda a:1,y	; get length
0069E9  1  C8           	iny		; skip over length
0069EA  1  C8           	iny
0069EB  1  C8           	iny
0069EC  1  CA           	dex		; push caddr
0069ED  1  CA           	dex
0069EE  1  94 30        	sty PStack+0,x
0069F0  1  CA           	dex		; push len
0069F1  1  CA           	dex
0069F2  1  95 30        	sta PStack+0,x
0069F4  1  18           	clc		; skip over chars
0069F5  1  75 32        	adc PStack+2,x
0069F7  1  3A           	dea
0069F8  1  48           	pha
0069F9  1  60           	rts
0069FA  1               
0069FA  1               
0069FA  1  4D 75 73 74   Header "MustBeCompiling",0 ; ( -- ) make sure we're compiling
0069FE  1  42 65 43 6F  
006A02  1  6D 70 69 6C  
006A06  1  69 6E 67 0F  
006A0A  1  BB 69        
006A0C  1               MustBeCompiling:
006A0C  1  A5 02        	lda U_State
006A0E  1  D0 03        	bne @9
006A10  1  20 4F 6C     	jsr Abort
006A13  1  60           @9:	rts
006A14  1               
006A14  1               
006A14  1  41 62 6F 72   Header 'Abort"', F_Immediate ; If f is true, print string & abort
006A18  1  74 22 86 0C  
006A1C  1  6A           
006A1D  1                 ;  abort-quote  https://forth-standard.org/standard/core/ABORTq
006A1D  1  20 66 6B     AbortQ: jsr ParseQuote
006A20  1  20 0C 6A     	jsr MustBeCompiling
006A23  1  A9 2D 6A     	lda #AbortQRun
006A26  1  20 93 67     	jsr CompileCommaA
006A29  1  20 D0 67     	jsr StringComma
006A2C  1  60           	rts
006A2D  1               
006A2D  1               AbortQRun: ; ( f -- ) runtime code ------
006A2D  1  B5 30        	lda PStack,x	; get f
006A2F  1  D0 0B        	bne @Abort
006A31  1  E8           	inx		; drop f
006A32  1  E8           	inx
006A33  1  7A           	ply		; skip string
006A34  1  98           	tya
006A35  1  38           	sec
006A36  1  79 01 00     	adc a:1,y
006A39  1  1A           	ina
006A3A  1  48           	pha
006A3B  1  60           	rts
006A3C  1               
006A3C  1  7A           @Abort:	ply
006A3D  1  5A           	phy
006A3E  1  C8           	iny
006A3F  1  B9 00 00     	lda a:0,y	; get string length
006A42  1  C8           	iny		; get string addr
006A43  1  C8           	iny
006A44  1  94 30        	sty PStack,x	; push strin addr
006A46  1  CA           	dex		; push string length
006A47  1  CA           	dex
006A48  1  95 30        	sta PStack,x
006A4A  1  20 2E 65     	jsr Type
006A4D  1  4C 4F 6C     	jmp Abort
006A50  1               
006A50  1               ;==============================================================================
006A50  1               ; SECTION 10: USER AREA ACCESSORS
006A50  1               
006A50  1  55 73 65 72   Header "User0",0 ; ( -- addr )  Return addr of user area
006A54  1  30 05 1D 6A  
006A58  1  7B           User0:	tdc
006A59  1  4C 44 60     	jmp PushA
006A5C  1               
006A5C  1               PushAU: ; ( A -- adr ) push user variable address
006A5C  1  0B           	phd		; get user area base
006A5D  1  18           	clc		; add offset
006A5E  1  63 01        	adc 1,s
006A60  1  7A           	ply		; RDrop base
006A61  1  4C 44 60     	jmp PushA	; Push A
006A64  1               
006A64  1  4C 61 74 65   Header "Latest",0 ; ( -- addr ) address of LATEST variable in user area
006A68  1  73 74 06 58  
006A6C  1  6A           
006A6D  1  A9 06 00     Latest:	lda #U_Latest
006A70  1  80 EA        	bra PushAU
006A72  1               
006A72  1  42 61 73 65   Header "Base",0 ; ( -- addr ) address of BASE variable
006A76  1  04 6D 6A     
006A79  1  A9 00 00     Base:	lda #U_Base
006A7C  1  80 DE        	bra PushAU
006A7E  1               
006A7E  1  53 74 61 74   Header "State",0 ; ( -- addr ) address of STATE variable
006A82  1  65 05 79 6A  
006A86  1  A9 02 00     State:	lda #U_State
006A89  1  80 D1        	bra PushAU
006A8B  1               
006A8B  1  3E 49 6E 03   Header ">In",0 ; ( -- addr ) address of >IN variable
006A8F  1  86 6A        
006A91  1  A9 0C 00     ToIn:	lda #U_ToIn
006A94  1  80 C6        	bra PushAU
006A96  1               
006A96  1  48 6F 6C 64   Header "HoldPtr",0 ; ( -- addr )  address of HoldPtr
006A9A  1  50 74 72 07  
006A9E  1  91 6A        
006AA0  1  A9 0E 00     HoldPtr: lda #U_HoldPtr
006AA3  1  80 B7        	bra PushAU
006AA5  1               
006AA5  1               ; Header "ParseLen",0 ; ( -- adr ) Push source length
006AA5  1               ;ParseLen: lda #U_ParseLen
006AA5  1               ;	bra PushAU
006AA5  1               
006AA5  1               ; Header "ParseBuf",0 ; ( -- adr ) Push source addr
006AA5  1               ;ParseBuf: lda #U_ParseBuf
006AA5  1               ;	bra PushAU
006AA5  1               
006AA5  1  52 61 6E 64   Header "RandState",0 ; ( -- adr )
006AA9  1  53 74 61 74  
006AAD  1  65 09 A0 6A  
006AB1  1  A9 10 00     	lda #U_RandState
006AB4  1  80 A6        	bra PushAU
006AB6  1               
006AB6  1  54 65 6D 70   Header "Temp0",0 ; ( -- adr ) Push addr of Temp0
006ABA  1  30 05 B1 6A  
006ABE  1  A9 26 00     	lda #Temp0
006AC1  1  80 99        	bra PushAU
006AC3  1               
006AC3  1  53 6F 75 72   Header "Source",0 ; ( -- addr len ) current input source
006AC7  1  63 65 06 BE  
006ACB  1  6A           
006ACC  1                 ; https://forth-standard.org/standard/core/SOURCE
006ACC  1  A5 08        Source: lda U_ParseBuf
006ACE  1  A4 0A        	ldy U_ParseLen
006AD0  1  4C B5 60     	jmp PushYA
006AD3  1               
006AD3  1               
006AD3  1  44 65 63 69   Header "Decimal",0 ; ( -- )  set base to 10
006AD7  1  6D 61 6C 07  
006ADB  1  CC 6A        
006ADD  1                 ; https://forth-standard.org/standard/core/DECIMAL
006ADD  1  A9 0A 00     Decimal: lda #10		; User area: BASE = 10
006AE0  1  85 00        Decim3:	sta U_Base
006AE2  1  60           	rts
006AE3  1               
006AE3  1  48 65 78 03   Header "Hex",0 ; ( -- )  set base to 16
006AE7  1  DD 6A        
006AE9  1                 ; https://forth-standard.org/standard/core/HEX
006AE9  1  A9 10 00     Hex:	lda #$10	; User area: BASE = 16
006AEC  1  80 F2        	bra Decim3
006AEE  1               
006AEE  1               ;==============================================================================
006AEE  1               ; SECTION 11: STRING AND PARSE
006AEE  1               
006AEE  1               
006AEE  1               ; Header "Bl",0 ; ( -- n ) ASCII value of space (blank)
006AEE  1               
006AEE  1               
006AEE  1  43 6F 75 6E   Header "Count",0 ; ( addr -- addr+1 len ) counted string to addr/len
006AF2  1  74 05 E9 6A  
006AF6  1                 ; https://forth-standard.org/standard/core/COUNT
006AF6  1  A1 30        Count:	lda (PStack,x)	; get length byte
006AF8  1  29 FF 00     	and #$ff
006AFB  1  F6 30        	inc PStack,x
006AFD  1  4C 44 60     	jmp PushA
006B00  1               
006B00  1               
006B00  1                .if 0
006B00  1                Header "Bounds",0 ; ( addr u -- addr+u addr ) Prepare address for looping
006B00  1                 ; http://www.complang.tuwien.ac.at/forth/gforth/Docs-html/Memory-Blocks.html
006B00  1               Bounds:	lda PStack+0,x
006B00  1               	ldy PStack+2,x
006B00  1               	clc
006B00  1               	adc PStack+2,x
006B00  1               	sta PStack+2,x
006B00  1               	sty PStack+0,x
006B00  1               	rts
006B00  1                 .endif
006B00  1               
006B00  1               
006B00  1  43 6F 6D 70   Header "Compare",0 ; ( c-addr1 u1 c-addr2 u2 -- n )  Compare 2 strings
006B04  1  61 72 65 07  
006B08  1  F6 6A        
006B0A  1                 ; https://forth-standard.org/standard/string/COMPARE
006B0A  1               Compare:
006B0A  1               @adr2	= Temp0	; addr   of string2
006B0A  1               @adr1	= Temp2	; addr   of string1
006B0A  1               @Len	= Temp4	; min(length of string1, length of string2)
006B0A  1  B5 32        	lda PStack+2,x	; get c-addr2
006B0C  1  85 26        	sta @adr2
006B0E  1  B5 36        	lda PStack+6,x	; get c-addr1
006B10  1  85 28        	sta @adr1
006B12  1  B5 34        	lda PStack+4,x	; get min(u1,u2)
006B14  1  D5 30        	cmp PStack+0,x
006B16  1  90 02        	bcc @1
006B18  1  B5 30        	lda PStack+0,x
006B1A  1  85 2A        @1:	sta @Len
006B1C  1  E2 20        	sep #P_M
006B1E  1  A0 FF FF     	ldy #$ffff	; for each char
006B21  1  C8           @2:	iny
006B22  1  C4 2A        	cpy @Len	;   out of chars?
006B24  1  B0 0A        	bcs @Out
006B26  1  B1 28        	lda (@adr1),y	;   compare char
006B28  1  D1 26        	cmp (@adr2),y
006B2A  1  F0 F5        	beq @2
006B2C  1  2A           @6:	rol a		; b1,b0 = carry, 0
006B2D  1  0A           	asl a
006B2E  1  80 0B        	bra @8
006B30  1               
006B30  1  C2 20        @Out:	rep #P_M
006B32  1  B5 30        	lda PStack+0,x
006B34  1  D5 34        	cmp PStack+4,x	; which string is used up?
006B36  1  D0 F4        	bne @6
006B38  1  A9 01 00     	lda #1		; return equal
006B3B  1  C2 20        @8:	rep #P_M
006B3D  1  29 03 00     	and #3
006B40  1  3A           	dea
006B41  1  95 36        	sta PStack+6,x	; push n
006B43  1  4C A6 60     	jmp ThreeDrop
006B46  1               
006B46  1               
006B46  1               ; Header "-Trailing",0 ; ( addr n1 -- addr n2 )  trim trailing spaces
006B46  1               
006B46  1               ; Header "Upper",0 ; ( addr len -- )  Convert chars to uppercase
006B46  1               
006B46  1  28 81 0A 6B   Header "(",F_Immediate ; (  ccc(paren)  -- )  Comment
006B4A  1                 ; https://forth-standard.org/standard/file/p
006B4A  1                 ; http://forth-standard.org/standard/core/p
006B4A  1               Comment:
006B4A  1  A9 29 00     	lda #')'
006B4D  1  20 69 6B     	jsr ParseA
006B50  1  4C A2 60     	jmp TwoDrop
006B53  1               
006B53  1               
006B53  1  5C 81 4A 6B   Header "\",F_Immediate ; ( -- )  Eat remainder of parse line as a comment
006B57  1                 ; https://forth-standard.org/standard/core/bs
006B57  1  A5 0A        BSlash:	lda U_ParseLen
006B59  1  85 0C        	sta U_ToIn
006B5B  1  60           	rts
006B5C  1               
006B5C  1               
006B5C  1  50 61 72 73   Header "Parse",0 ; ( "name" c -- addr u )  "Parse input with delimiter character"
006B60  1  65 05 57 6B  
006B64  1                 ; https://forth-standard.org/standard/core/PARSE
006B64  1                 ; Find word in input string delimited by character given. Do not skip leading delimiters
006B64  1                 ; -- this is the main difference to PARSE-NAME.
006B64  1                 ; ANSI discussion: http://www.forth200x.org/documents/html3/rationale.html#rat:core:PARSE
006B64  1  80 06        Parse:	bra Parse2
006B66  1               
006B66  1  A9 22 00     ParseQuote: lda #'"'
006B69  1  20 44 60     ParseA:	jsr PushA
006B6C  1  CA           Parse2:	dex			; alloc 2nd parm cell
006B6D  1  CA           	dex
006B6E  1  E2 20        	sep #P_M
006B70  1               
006B70  1  A4 0C        	ldy U_ToIn
006B72  1  5A           	phy			;save start index
006B73  1               
006B73  1  88           	dey			;span word
006B74  1  B5 32        @22:	lda PStack+2,x		; load delimiter
006B76  1  C8           @21:	iny			;  step to next char
006B77  1  C4 0A        	cpy U_ParseLen		;  at end-of-string?
006B79  1  B0 14        	bcs @28
006B7B  1  D1 08        	cmp (U_ParseBuf),y	;  delimiter?
006B7D  1  F0 0A        	beq @Found
006B7F  1  C9 20        	cmp #' '		; we're searching for whitespace?
006B81  1  D0 F3        	bne @21
006B83  1  B1 08        	lda (U_ParseBuf),y	; is it whitespace?
006B85  1  C9 20        	cmp #' '
006B87  1  B0 EB        	bcs @22
006B89  1               
006B89  1  C8           @Found:	iny			;  skip delimiter
006B8A  1  84 0C        	sty U_ToIn
006B8C  1  88           	dey
006B8D  1  80 02        	bra @29
006B8F  1  84 0C        @28:	sty U_ToIn
006B91  1               @29:
006B91  1  C2 20        	rep #P_M
006B93  1               
006B93  1  98           	tya			; calc length
006B94  1  38           	sec
006B95  1  E3 01        	sbc 1,s
006B97  1  95 30        	sta PStack+0,x
006B99  1               
006B99  1  68           	pla			; calc start addr
006B9A  1  18           	clc
006B9B  1  65 08        	adc U_ParseBuf
006B9D  1  95 32        	sta PStack+2,x
006B9F  1               
006B9F  1  60           	rts
006BA0  1               
006BA0  1               
006BA0  1  50 61 72 73   Header "Parse-Name",0 ; (  (spaces)name(space)  -- c-addr u )  Skip leading spaces. Parse space delimited name.
006BA4  1  65 2D 4E 61  
006BA8  1  6D 65 0A 64  
006BAC  1  6B           
006BAD  1                 ; https://forth-standard.org/standard/core/PARSE-NAME
006BAD  1                 ; c-addr is the address of the selected string within the input buffer and u is its length in
006BAD  1                 ; characters. If the parse area is empty or contains only white space, the resulting string
006BAD  1                 ; has length zero.
006BAD  1               Parse_Name:
006BAD  1  20 B6 6B     	jsr SkipWhite		;skip leading whitespace
006BB0  1  A9 20 00     	lda #' '
006BB3  1  20 69 6B     	jsr ParseA		;get the name
006BB6  1               ;	bra SkipWhite		;skip trailing whitespace
006BB6  1               
006BB6  1               
006BB6  1               ; Header "SkipWhite",0 ; ( -- ) skip whitespace on source
006BB6  1               SkipWhite:
006BB6  1  E2 20        	sep #P_M
006BB8  1  A4 0C        	ldy U_ToIn
006BBA  1  88           	dey
006BBB  1  C8           @11:	iny
006BBC  1  C4 0A        	cpy U_ParseLen
006BBE  1  B0 06        	bcs @19
006BC0  1  B1 08        	lda (U_ParseBuf),y
006BC2  1  C9 21        	cmp #' '+1
006BC4  1  90 F5        	bcc @11
006BC6  1  84 0C        @19:	sty U_ToIn
006BC8  1  C2 20        	rep #P_M
006BCA  1  60           	rts
006BCB  1               
006BCB  1               
006BCB  1  4E 75 6D 62   Header "Number",0 ; ( adr len -- 0 ) or ( adr len -- n -1 ) or ( adr len -- d -2 ) or ( adr len -- fp -3 )
006BCF  1  65 72 06 AD  
006BD3  1  6B           
006BD4  1                 ; Converts the text beginning at adr for len, with regard to Base, to a binary
006BD4  1                 ; value that is single-length if no valid punctuation occurs, and
006BD4  1                 ; double-length if valid punctuation does occur.  The string may contain
006BD4  1                 ; a preceding negative sign.
006BD4  1               Number:
006BD4  1               @Value	= W	; value accumulator
006BD4  1               @Neg	= Temp0	; negative sign found flag
006BD4  1               @Digit	= Temp2
006BD4  1  64 24        	stz @Value	; Value= 0
006BD6  1  64 26        	stz @Neg	; start positive
006BD8  1               
006BD8  1  20 32 6C     	jsr @Get	; get next char
006BDB  1  30 50        	bmi @num_err
006BDD  1  C9 2B 00     	cmp #'+'	;  plus sign?
006BE0  1  F0 07        	beq @loop
006BE2  1  C9 2D 00     	cmp #'-'	;  minus sign?
006BE5  1  D0 07        	bne @2
006BE7  1  C6 26        	dec @Neg	;  set negative flag
006BE9  1               
006BE9  1  20 32 6C     @loop:	jsr @Get	; get next char
006BEC  1  30 2D        	bmi @done
006BEE  1               @2:
006BEE  1  38           	sec		; get ASCII digit value
006BEF  1  E9 30 00     	sbc #'0'
006BF2  1  90 39        	bcc @num_err
006BF4  1  C9 0A 00     	CMP #10
006BF7  1  90 0B        	bcc @ok
006BF9  1  E9 07 00     	sbc #7
006BFC  1  29 DF 00     	and #$df
006BFF  1  C9 0A 00     	CMP #10
006C02  1  90 29        	bcc @num_err
006C04  1  C5 00        @ok:	CMP U_Base
006C06  1  B0 25        	bcs @num_err
006C08  1               
006C08  1  85 28        	sta @Digit	; WB = W * BASE + digit
006C0A  1  A4 00        	ldy U_Base
006C0C  1  A9 00 00     	lda #0
006C0F  1  18           @mul2:	clc
006C10  1  65 24        	adc @Value
006C12  1  88           	dey
006C13  1  D0 FA        	bne @mul2
006C15  1  65 28        	adc @Digit
006C17  1  85 24        	sta @Value
006C19  1  80 CE        	bra @loop
006C1B  1               
006C1B  1  A5 24        @done:	LDA @Value
006C1D  1  24 26        	bit @Neg	; negative?
006C1F  1  10 04        	bpl @d4
006C21  1  49 FF FF     	eor #$ffff	;  negate
006C24  1  1A           	ina
006C25  1               @d4:
006C25  1  95 32        	sta PStack+2,x	; Replace addr with number
006C27  1  A9 FF FF     	lda #.loword(-1) ; return success
006C2A  1  95 30        	sta PStack+0,x
006C2C  1  60           	rts
006C2D  1               
006C2D  1               @num_err:
006C2D  1  74 32        	stz PStack+2,x	; return fail
006C2F  1  E8           	inx		; Drop len
006C30  1  E8           	inx
006C31  1  60           	rts
006C32  1               
006C32  1               @Get: ; get next char in A, P_M= end of string
006C32  1  D6 30        	dec PStack+0,x	; more chars?
006C34  1  30 07        	bmi @Get9
006C36  1  A1 32        	lda (PStack+2,x) ; get char
006C38  1  F6 32        	inc PStack+2,x
006C3A  1  29 FF 00     	and #$ff
006C3D  1  60           @Get9:	rts
006C3E  1               
006C3E  1               ;==============================================================================
006C3E  1               ; SECTION 12: SYSTEM WORDS (QUIT, ABORT)
006C3E  1               
006C3E  1               
006C3E  1  42 79 65 03   Header "Bye",0 ; ( -- ) halt the system
006C42  1  D4 6B        
006C44  1                 ; https://forth-standard.org/standard/tools/BYE
006C44  1  4C 84 E0     Bye:	jmp $00e084	; Mensch Reset
006C47  1               
006C47  1               
006C47  1  41 62 6F 72   Header "Abort",0 ; ( -- ) reset stacks and go to QUIT
006C4B  1  74 05 44 6C  
006C4F  1                 ; https://forth-standard.org/standard/core/ABORT
006C4F  1  20 38 60     Abort:	jsr PSP_Reset	; reset parm stack
006C52  1  20 98 69     	jsr DotQuoteRun
006C55  1  05 00        	.word 5
006C57  1  3F 00 20     	.byte "?",0," " ; this phrase makes the simulator stop copying from an input file
006C5A  1  0D 0A        	.byte $0d,$0a
006C5C  1  80 07        	bra Quit
006C5E  1               
006C5E  1               
006C5E  1  51 75 69 74   Header "Quit",0 ; ( -- ) outer interpreter loop
006C62  1  04 4F 6C     
006C65  1                 ; Resets return stack, reads and interprets input forever
006C65  1                 ; https://forth-standard.org/standard/core/QUIT
006C65  1  A9 AF 04     Quit:	lda #RSP_Init+UserFirst		; Reset return stack
006C68  1  1B           	tcs
006C69  1  64 02        	stz U_State			; STATE= interpret
006C6B  1               
006C6B  1  A9 00 03     @Loop:	lda #TIB_Base			; Use terminal buffer
006C6E  1  85 08        	sta U_ParseBuf
006C70  1  A0 FE 00     	ldy #TIB_Size			; push buf length
006C73  1  20 B5 60     	jsr PushYA
006C76  1  20 47 65     	jsr Accept			; Read line
006C79  1  B5 30        	lda PStack,x
006C7B  1  E8           	inx
006C7C  1  E8           	inx
006C7D  1  85 0A        	sta U_ParseLen			; save line size
006C7F  1  20 0D 65     	jsr Space			; type a space after the line
006C82  1  64 0C        	stz U_ToIn			; init parse offset
006C84  1  20 A4 6C     	jsr Interpret			; Interpret the input line
006C87  1  A5 02        	lda U_State			; STATE == 0 (interpret mode)?
006C89  1  D0 08        	bne @8				; Loop back (compiling: no prompt)
006C8B  1  20 98 69     	jsr DotQuoteRun
006C8E  1  03 00        	.word 3				; Print " ok"
006C90  1  20 6F 6B     	.byte " ok"
006C93  1  20 FA 64     @8:	jsr CR
006C96  1  80 D3        	bra @Loop
006C98  1               
006C98  1               
006C98  1  49 6E 74 65   Header "Interpret",0 ; ( -- ) parse and execute/compile words from input
006C9C  1  72 70 72 65  
006CA0  1  74 09 65 6C  
006CA4  1               Interpret:
006CA4  1               @next_word:
006CA4  1  20 AD 6B     	jsr Parse_Name		; Parse next space-delimited word
006CA7  1  B5 30        	lda PStack,x
006CA9  1  F0 66        	beq @done		; no more words in source?
006CAB  1               
006CAB  1  20 B1 60     	jsr TwoDup		; ( caddr len caddr len )
006CAE  1  A5 06        	lda U_Latest		; search for the word in dictionary
006CB0  1  20 44 60     	jsr PushA
006CB3  1  20 83 68     	jsr Search_WordList	; ( addr len wid -- 0 | xt 1 | xt -1 )
006CB6  1  B5 30        	lda PStack,x
006CB8  1  F0 1D        	beq @not_found		; result: 0=not found, 1=normal, -1=immediate
006CBA  1  30 0E        	bmi @exec_word
006CBC  1               
006CBC  1  A5 02        	lda U_State
006CBE  1  F0 0A        	beq @exec_word
006CC0  1               
006CC0  1               	; Compile the word: , the xt
006CC0  1  E8           	inx			; drop flag
006CC1  1  E8           	inx
006CC2  1  20 8F 67     	jsr CompileComma
006CC5  1  20 A2 60     	jsr TwoDrop		; 2Drop extra string
006CC8  1  80 DA        	bra @next_word
006CCA  1               
006CCA  1               @exec_word: ; Execute: load xt, jump through code field
006CCA  1  E8           	inx			; drop flag
006CCB  1  E8           	inx
006CCC  1  20 87 60     	jsr Nip
006CCF  1  20 87 60     	jsr Nip			; discard extra string copy
006CD2  1  20 22 66     	jsr Execute		; run the xt
006CD5  1  80 CD        	bra @next_word
006CD7  1               
006CD7  1               @not_found:
006CD7  1  E8           	inx			; Drop search result
006CD8  1  E8           	inx
006CD9  1  20 B1 60     	jsr TwoDup		; ( caddr len caddr len )
006CDC  1  20 D4 6B     	jsr Number		; Try to convert as number
006CDF  1  B5 30        	lda PStack,x
006CE1  1  F0 16        	beq @Err		; ( adr len -- 0 ) or ( adr len -- n -1 ) or ( adr len -- d -2 )
006CE3  1  E8           	inx
006CE4  1  E8           	inx
006CE5  1  A5 02        	lda U_State
006CE7  1  F0 08        	beq @nf9
006CE9  1  20 C8 67     	jsr Literal		; compile n
006CEC  1  20 A2 60     	jsr TwoDrop		; 2Drop string
006CEF  1  80 B3        	bra @next_word
006CF1  1               
006CF1  1  20 87 60     @nf9:	jsr Nip
006CF4  1  20 87 60     	jsr Nip			; discard string, keep n
006CF7  1  80 AB        	bra @next_word
006CF9  1               
006CF9  1  E8           @Err:	inx			; number flag
006CFA  1  E8           	inx
006CFB  1  20 2E 65     	jsr Type		; string
006CFE  1  20 98 69     	jsr DotQuoteRun
006D01  1  0B 00        	.word 11
006D03  1  20 6E 6F 74  	.byte " not found "
006D07  1  20 66 6F 75  
006D0B  1  6E 64 20     
006D0E  1  20 4F 6C     	jsr Abort
006D11  1               
006D11  1  4C A2 60     @done:	jmp TwoDrop		; discard empty parse string
006D14  1               
006D14  1               
006D14  1  5B 81 A4 6C   Header "[",F_Immediate ; ( -- )  switch State to interpret
006D18  1                 ; https://forth-standard.org/standard/core/Bracket
006D18  1               OpenBracket:
006D18  1  64 02        	stz U_State
006D1A  1  60           	rts
006D1B  1               
006D1B  1               
006D1B  1  5D 01 18 6D   Header "]",0 ; ( -- )  switch State to compile
006D1F  1                ; https://forth-standard.org/standard/right-bracket
006D1F  1               CloseBracket:
006D1F  1  86 02        	stx U_State	; set to non-zero
006D21  1  60           	rts
006D22  1               
006D22  1               
006D22  1  43 6F 64 65   Header "Code",0 ; ( "name" -- )  Start a machine code word
006D26  1  04 1F 6D     
006D29  1                 ; https://forth-standard.org/standard/tools/CODE
006D29  1  20 3D 6D     Code:	jsr Colon
006D2C  1  80 EA        	bra OpenBracket	; back to interpret mode
006D2E  1               
006D2E  1               
006D2E  1  3B 43 6F 64   Header ";Code",F_Immediate ; ( -- )  End a machine code word
006D32  1  65 85 29 6D  
006D36  1                 ; https://forth-standard.org/standard/tools/SemiCODE
006D36  1  4C 30 66     SemiCode: jmp Exit	; compile rts
006D39  1               
006D39  1               
006D39  1  3A 01 36 6D   Header ":",0 ; ( "name" -- )  start compiling a new colon word
006D3D  1                 ; https://forth-standard.org/standard/core/Colon
006D3D  1  20 AD 6B     Colon:	jsr Parse_Name	; get name  ( caddr len )
006D40  1  20 ED 67     	jsr HeaderComma
006D43  1               	; smudge
006D43  1  80 DA        	bra CloseBracket ; State= compile
006D45  1               
006D45  1               
006D45  1  3B 81 3D 6D   Header ";",F_Immediate ;  finish compiling a new colon word
006D49  1                 ; https://forth-standard.org/standard/core/Semi
006D49  1               Semicolon:
006D49  1  20 30 66     	jsr Exit		; compile Exit
006D4C  1               
006D4C  1               	; smudge
006D4C  1               
006D4C  1  80 CA        	bra OpenBracket		; STATE= interpret
006D4E  1               
006D4E  1               
006D4E  1  44 75 6D 70   Header "Dump",0 ; ( caddr len -- )  Dump memory in hex
006D52  1  04 49 6D     
006D55  1                 ; https://forth-standard.org/standard/tools/DUMP
006D55  1  D6 30        Dump:	dec PStack+0,x	; so we stop on zero length remaining
006D57  1  20 FA 64     @line:	jsr CR
006D5A  1  20 6A 60     	jsr Over	; print addr
006D5D  1  20 97 65     	jsr DotHex
006D60  1  A0 10 00     	ldy #16		; for 16 bytes
006D63  1  5A           @byte:	phy
006D64  1  20 0D 65     	jsr Space	;   print space
006D67  1  A1 32        	lda (PStack+2,x) ;   get byte
006D69  1  F6 32        	inc PStack+2,x
006D6B  1  D6 30        	dec PStack+0,x
006D6D  1  20 AA 65     	jsr CDotHexA	;   print byte
006D70  1  7A           	ply		;  next
006D71  1  88           	dey
006D72  1  D0 EF        	bne @byte
006D74  1  B5 30        	lda PStack+0,x	; until done
006D76  1  10 DF        	bpl @line
006D78  1  4C A2 60     	jmp TwoDrop
006D7B  1               
006D7B  1               
006D7B  1  2E 53 02 55   Header ".S",0 ; ( -- ) print stack contents non-destructively
006D7F  1  6D           
006D80  1                 ; https://forth-standard.org/standard/tools/DotS
006D80  1  A9 3C 00     DotS:	lda #'<'
006D83  1  20 E3 64     	jsr EmitA
006D86  1  20 ED 60     	jsr Depth
006D89  1  20 42 60     	jsr Dup
006D8C  1  20 09 66     	jsr Dot
006D8F  1  A9 3E 00     	lda #'>'
006D92  1  20 E3 64     	jsr EmitA
006D95  1  20 0D 65     	jsr Space
006D98  1               
006D98  1  B5 30        @loop:	lda PStack,x	; while entrys remain
006D9A  1  F0 0D        	beq @done
006D9C  1  20 44 60     	jsr PushA	;   get
006D9F  1  20 00 61     	jsr Pick
006DA2  1  20 09 66     	jsr Dot		;   print
006DA5  1  D6 30        	dec PStack,x
006DA7  1  10 EF        	bpl @loop	;  next
006DA9  1  E8           @done:	inx		; drop n
006DAA  1  E8           	inx
006DAB  1  4C FA 64     	jmp CR
006DAE  1               
006DAE  1               
006DAE  1               Last_ROM_Word = DictLink
006DAE  1               
006DAE  1               ;======================================================================
006DAE  1                 .segment "VECTORS" ; 65265 Hardware vectors
000000r 1               ; This is just for the simulator.
000000r 1               ; The real hardware has these vectors in the '265 Mensch monitor ROM.
000000r 1               
000000r 1               	.org $fffc
00FFFC  1  00 60        	.addr Cold  ; FFFC IRQRES RES - "REStart" Interrupt
00FFFE  1               
00FFFE  1               
